msg_id,date,title,brand,category,price,sizes,stock,description
34832,2026-08-28,Лонгслив Corteiz,Corteiz,Longsleeve,1300.0,—,1,"Размерный ряд: S, M , L, XL, 2XL
Материал - хлопок
Отправка из Москвы
КАТАЛОГ И УСЛОВИЯ В ЗАКРЕПЕ КАНАЛА"
34822,2026-08-28,Лонгслив Chrome Heart,Chrome Hearts,Longsleeve,1300.0,—,1,"Размерный ряд: S, M , L, XL, 2XL
Материал - хлопок
Отправка из Москвы
КАТАЛОГ И УСЛОВИЯ В ЗАКРЕПЕ КАНАЛА"
34812,2026-08-28,Футболка Balenciaga Simpsons,Balenciaga,Tee,1000.0,—,1,"Размерный ряд: S, M , L, XL, 2XL
Материал - хлопок
Отправка из Москвы
КАТАЛОГ И УСЛОВИЯ В ЗАКРЕПЕ КАНАЛА"
34803,2026-08-28,Футболка Balenciaga Germany Kisses,Balenciaga,Tee,1000.0,—,1,"Размерный ряд: S, M , L, XL, 2XL
Материал - хлопок
Отправка из Москвы
КАТАЛОГ И УСЛОВИЯ В ЗАКРЕПЕ КАНАЛА"
34793,2026-08-27,Лонгслив BAPE Chrome Hearts,Chrome Hearts,Longsleeve,1300.0,—,1,"Размерный ряд: S, M , L, XL, 2XL
Материал - хлопок
Отправка из Москвы
КАТАЛОГ И УСЛОВИЯ В ЗАКРЕПЕ КАНАЛА"
34783,2026-08-27,Лонгслив CDG,CDG,Longsleeve,1300.0,—,1,"Размерный ряд: S, M , L, XL, 2XL
Материал - хлопок
Отправка из Москвы
КАТАЛОГ И УСЛОВИЯ В ЗАКРЕПЕ КАНАЛА"
34773,2026-08-27,Лонгслив CDG,CDG,Longsleeve,1300.0,—,1,"Размерный ряд: S, M , L, XL, 2XL
Материал - хлопок
Отправка из Москвы
КАТАЛОГ И УСЛОВИЯ В ЗАКРЕПЕ КАНАЛА"
34763,2026-08-27,Лонгслив CDG big logo,CDG,Longsleeve,1300.0,—,1,"Размерный ряд: S, M , L, XL, 2XL
Материал - хлопок
Отправка из Москвы
КАТАЛОГ И УСЛОВИЯ В ЗАКРЕПЕ КАНАЛА"
34749,2026-08-25,Худи Gucci,Gucci,Hoodie,2000.0,—,1,"Размерный ряд: S, M , L, XL, 2XL
Материал - хлопок/полиэстер
Отправка из Москвы
КАТАЛОГ И УСЛОВИЯ В ЗАКРЕПЕ КАНАЛА"
34739,2026-08-25,Полузамок Yohji Yamamoto,Other,Other,2500.0,—,1,"Размерный ряд: S, M , L, XL, 2XL
Материал - хлопок/полиэстер
Отправка из Москвы
КАТАЛОГ И УСЛОВИЯ В ЗАКРЕПЕ КАНАЛА"
34729,2026-08-25,Полузамок Valentino,Valentino,Other,2500.0,—,1,"Размерный ряд: S, M , L, XL, 2XL
Материал - хлопок/полиэстер
Отправка из Москвы
КАТАЛОГ И УСЛОВИЯ В ЗАКРЕПЕ КАНАЛА"
34724,2026-08-25,Сумка Lacoste,Other,Bag,1500.0,—,1,"5шт наличие в остатке
Материал - полиэстер
Производство - Турция
Полная фурнитура"
34715,2026-08-21,Сумка Lacoste,Other,Bag,1500.0,—,1,"5шт наличие в остатке
Материал - полиэстер
Производство - Турция
Полная фурнитура"
34704,2026-08-20,Футболка Levi’s,Other,Tee,1000.0,—,1,"Размерный ряд: S, M , L, XL, 2XL
Материал - хлопок
Отправка из Москвы
КАТАЛОГ И УСЛОВИЯ В ЗАКРЕПЕ КАНАЛА"
34694,2026-08-20,Футболка Levi’s,Other,Tee,1000.0,—,1,"Размерный ряд: S, M , L, XL, 2XL
Материал - хлопок
Отправка из Москвы
КАТАЛОГ И УСЛОВИЯ В ЗАКРЕПЕ КАНАЛА"
34684,2026-08-20,Футболка Levi’s,Other,Tee,1000.0,—,1,"Размерный ряд: S, M , L, XL, 2XL
Материал - хлопок
Отправка из Москвы
КАТАЛОГ И УСЛОВИЯ В ЗАКРЕПЕ КАНАЛА"
34675,2026-08-20,Футболка Levi’s,Other,Tee,1000.0,—,1,"Размерный ряд: S, M , L, XL, 2XL
Материал - хлопок
Отправка из Москвы
КАТАЛОГ И УСЛОВИЯ В ЗАКРЕПЕ КАНАЛА"
34665,2026-08-20,Футболка Levis,Other,Tee,1000.0,—,1,"Размерный ряд: S, M , L, XL, 2XL
Материал - хлопок
Отправка из Москвы
КАТАЛОГ И УСЛОВИЯ В ЗАКРЕПЕ КАНАЛА"
34649,2026-08-19,Худи Comme des Garcons CDG,CDG,Hoodie,2000.0,—,1,"Размерный ряд: S, M , L, XL, 2XL
Материал - хлопок/полиэстер
Отправка из Москвы
КАТАЛОГ И УСЛОВИЯ В ЗАКРЕПЕ КАНАЛА"
34639,2026-08-19,Худи Y-3,Other,Hoodie,2000.0,—,1,"Размерный ряд: S, M , L, XL, 2XL
Материал - хлопок/полиэстер
Отправка из Москвы
КАТАЛОГ И УСЛОВИЯ В ЗАКРЕПЕ КАНАЛА"
34629,2026-08-19,Худи Yohji Yamamoto Y-3,Other,Hoodie,2000.0,—,1,"Размерный ряд: S, M , L, XL, 2XL
Материал - хлопок/полиэстер
Отправка из Москвы
КАТАЛОГ И УСЛОВИЯ В ЗАКРЕПЕ КАНАЛА"
34619,2026-08-19,Худи Y-3,Other,Hoodie,2000.0,—,1,"Размерный ряд: S, M , L, XL, 2XL
Материал - хлопок/полиэстер
Отправка из Москвы
КАТАЛОГ И УСЛОВИЯ В ЗАКРЕПЕ КАНАЛА"
34609,2026-08-19,Худи Givenshy,Other,Hoodie,2000.0,—,1,"Размерный ряд: S, M , L, XL, 2XL
Материал - хлопок/полиэстер
Отправка из Москвы
КАТАЛОГ И УСЛОВИЯ В ЗАКРЕПЕ КАНАЛА"
34596,2026-08-17,Лонгслив Givenchy,Givenchy,Longsleeve,1800.0,—,1,"Размерный ряд: S, M , L, XL, 2XL
Материал - хлопок
Отправка из Москвы
КАТАЛОГ И УСЛОВИЯ В ЗАКРЕПЕ КАНАЛА"
34586,2026-08-17,Лонгслив BAPE Baby Milo,BAPE,Longsleeve,1800.0,—,1,"Размерный ряд: S, M , L, XL, 2XL
Материал - хлопок
Отправка из Москвы
КАТАЛОГ И УСЛОВИЯ В ЗАКРЕПЕ КАНАЛА"
34576,2026-08-17,Лонгслив Gucci,Gucci,Longsleeve,1800.0,—,1,"Размерный ряд: S, M , L, XL, 2XL
Материал - хлопок
Отправка из Москвы
КАТАЛОГ И УСЛОВИЯ В ЗАКРЕПЕ КАНАЛА"
34566,2026-08-17,Лонгслив Gucci,Gucci,Longsleeve,1800.0,—,1,"Размерный ряд: S, M , L, XL, 2XL
Материал - хлопок
Отправка из Москвы
КАТАЛОГ И УСЛОВИЯ В ЗАКРЕПЕ КАНАЛА"
34556,2026-08-17,Лонгслив ERD,Other,Longsleeve,1800.0,—,1,"Размерный ряд: S, M , L, XL, 2XL
Материал - хлопок
Отправка из Москвы
КАТАЛОГ И УСЛОВИЯ В ЗАКРЕПЕ КАНАЛА"
34541,2026-08-13,Футболки Maison Margiela,Other,Tee,1000.0,—,1,"Размерный ряд: S, M , L, XL, 2XL
Материал - хлопок
Отправка из Москвы
КАТАЛОГ И УСЛОВИЯ В ЗАКРЕПЕ КАНАЛА"
34533,2026-08-13,Футболки Supreme x Ducati,Other,Tee,1100.0,—,1,"Размерный ряд: S, M , L, XL, 2XL
Материал - хлопок
Отправка из Москвы
КАТАЛОГ И УСЛОВИЯ В ЗАКРЕПЕ КАНАЛА"
34526,2026-08-13,Футболки Supreme x Y-3,Other,Tee,1000.0,—,1,"Размерный ряд: S, M , L, XL, 2XL
Материал - хлопок
Отправка из Москвы
КАТАЛОГ И УСЛОВИЯ В ЗАКРЕПЕ КАНАЛА"
34516,2026-08-13,Футболка Поло Corteiz,Corteiz,Tee,1750.0,—,1,"Размерный ряд: S, M , L, XL, 2XL
Материал - хлопок
Отправка из Москвы
КАТАЛОГ И УСЛОВИЯ В ЗАКРЕПЕ КАНАЛА"
34506,2026-08-13,Рубашка Поло Gucci,Gucci,Tee,1750.0,—,1,"Размерный ряд: S, M , L, XL, 2XL
Материал - хлопок
Отправка из Москвы
КАТАЛОГ И УСЛОВИЯ В ЗАКРЕПЕ КАНАЛА"
34495,2026-08-12,Лонгслив Maison Margiela Martin,Other,Longsleeve,1800.0,—,1,"Размерный ряд: S, M , L, XL, 2XL
Материал - хлопок
Отправка из Москвы
КАТАЛОГ И УСЛОВИЯ В ЗАКРЕПЕ КАНАЛА"
34485,2026-08-12,Лонгслив Maison Margiela,Other,Longsleeve,1800.0,—,1,"Размерный ряд: S, M , L, XL, 2XL
Материал - хлопок
Отправка из Москвы
КАТАЛОГ И УСЛОВИЯ В ЗАКРЕПЕ КАНАЛА"
34479,2026-08-12,Лонгслив BAPE Mastermind,BAPE,Longsleeve,1800.0,—,1,"Размерный ряд: S, M , L, XL, 2XL
Материал - хлопок
Отправка из Москвы
КАТАЛОГ И УСЛОВИЯ В ЗАКРЕПЕ КАНАЛА"
34469,2026-08-12,Лонгслив mastermind,Other,Longsleeve,1300.0,—,1,"Размерный ряд: S, M , L, XL, 2XL
Материал - хлопок
Отправка из Москвы
КАТАЛОГ И УСЛОВИЯ В ЗАКРЕПЕ КАНАЛА"
34455,2026-08-11,Худи Acme De La Vie,Other,Hoodie,2300.0,—,1,"Размерный ряд: S, M , L, XL, 2XL
Материал - хлопок/полиэстер
Отправка из Москвы
КАТАЛОГ И УСЛОВИЯ В ЗАКРЕПЕ КАНАЛА"
34445,2026-08-11,Худи Supreme,Other,Hoodie,2000.0,—,1,"Размерный ряд: S, M , L, XL, 2XL
Материал - хлопок/полиэстер
Отправка из Москвы
КАТАЛОГ И УСЛОВИЯ В ЗАКРЕПЕ КАНАЛА"
34435,2026-08-11,Худи Undercover Horror,Undercover,Hoodie,2000.0,—,1,"Размерный ряд: S, M , L, XL, 2XL
Материал - хлопок/полиэстер
Отправка из Москвы
КАТАЛОГ И УСЛОВИЯ В ЗАКРЕПЕ КАНАЛА"
34425,2026-08-11,Худи Undercover Horror,Undercover,Hoodie,2000.0,—,1,"Размерный ряд: S, M , L, XL, 2XL
Материал - хлопок/полиэстер
Отправка из Москвы
КАТАЛОГ И УСЛОВИЯ В ЗАКРЕПЕ КАНАЛА"
34415,2026-08-11,Полузамок Valentino,Valentino,Other,2500.0,—,1,"Размерный ряд: S, M , L, XL, 2XL
Материал - хлопок/полиэстер
Отправка из Москвы
КАТАЛОГ И УСЛОВИЯ В ЗАКРЕПЕ КАНАЛА"
34404,2026-08-10,Полузамок Yohji Yamamoto,Other,Other,2500.0,—,1,"Размерный ряд: S, M , L, XL, 2XL
Материал - хлопок/полиэстер
Отправка из Москвы
КАТАЛОГ И УСЛОВИЯ В ЗАКРЕПЕ КАНАЛА"
34402,2026-08-10,Лонгслив Y-3,Other,Longsleeve,1800.0,—,1,"Размерный ряд: S, M , L, XL, 2XL
Материал - хлопок
Отправка из Москвы
КАТАЛОГ И УСЛОВИЯ В ЗАКРЕПЕ КАНАЛА"
34394,2026-08-10,Лонгслив Y-3,Other,Longsleeve,1800.0,—,1,"Размерный ряд: S, M , L, XL, 2XL
Материал - хлопок
Отправка из Москвы
КАТАЛОГ И УСЛОВИЯ В ЗАКРЕПЕ КАНАЛА"
34378,2026-08-10,Лонгслив Y-3,Other,Longsleeve,1800.0,—,1,"Размерный ряд: S, M , L, XL, 2XL
Материал - хлопок
Отправка из Москвы
КАТАЛОГ И УСЛОВИЯ В ЗАКРЕПЕ КАНАЛА"
34372,2026-08-10,Лонгслив Y-3,Other,Longsleeve,1300.0,—,1,"Размерный ряд: S, M , L, XL, 2XL
Материал - хлопок
Отправка из Москвы
КАТАЛОГ И УСЛОВИЯ В ЗАКРЕПЕ КАНАЛА"
34363,2026-08-07,Худи Undercover,Undercover,Hoodie,2000.0,—,1,"Размерный ряд: S, M , L, XL, 2XL
Материал - хлопок/полиэстер
Отправка из Москвы
КАТАЛОГ И УСЛОВИЯ В ЗАКРЕПЕ КАНАЛА"
34345,2026-08-07,Худи Vetements,Other,Hoodie,2000.0,—,1,"Размерный ряд: S, M , L, XL, 2XL
Материал - хлопок/полиэстер
Отправка из Москвы
КАТАЛОГ И УСЛОВИЯ В ЗАКРЕПЕ КАНАЛА"
34335,2026-08-07,Худи Marcelo Burlon,Marcelo Burlon,Hoodie,2000.0,—,1,"Размерный ряд: S, M , L, XL, 2XL
Материал - хлопок/полиэстер
Отправка из Москвы
КАТАЛОГ И УСЛОВИЯ В ЗАКРЕПЕ КАНАЛА"
34325,2026-08-07,Худи Y-3,Other,Hoodie,2000.0,—,1,"Размерный ряд: S, M , L, XL, 2XL
Материал - хлопок/полиэстер
Отправка из Москвы
КАТАЛОГ И УСЛОВИЯ В ЗАКРЕПЕ КАНАЛА"
34315,2026-08-07,Худи Yohji Yamamoto,Other,Hoodie,2000.0,—,1,"Размерный ряд: S, M , L, XL, 2XL
Материал - хлопок/полиэстер
Отправка из Москвы
КАТАЛОГ И УСЛОВИЯ В ЗАКРЕПЕ КАНАЛА"
34305,2026-08-06,Худи Givenshy,Other,Hoodie,2000.0,—,1,"Размерный ряд: S, M , L, XL, 2XL
Материал - хлопок/полиэстер
Отправка из Москвы
КАТАЛОГ И УСЛОВИЯ В ЗАКРЕПЕ КАНАЛА"
34295,2026-08-06,Худи Y-3,Other,Hoodie,2000.0,—,1,"Размерный ряд: S, M , L, XL, 2XL
Материал - хлопок/полиэстер
Отправка из Москвы
КАТАЛОГ И УСЛОВИЯ В ЗАКРЕПЕ КАНАЛА"
34285,2026-08-06,Худи Yohji Yamamoto Y-3,Other,Hoodie,2000.0,—,1,"Размерный ряд: S, M , L, XL, 2XL
Материал - хлопок/полиэстер
Отправка из Москвы
КАТАЛОГ И УСЛОВИЯ В ЗАКРЕПЕ КАНАЛА"
34275,2026-08-06,Худи Y-3,Other,Hoodie,2000.0,—,1,"Размерный ряд: S, M , L, XL, 2XL
Материал - хлопок/полиэстер
Отправка из Москвы
КАТАЛОГ И УСЛОВИЯ В ЗАКРЕПЕ КАНАЛА"
34265,2026-08-06,Худи Comme des Garcons CDG,CDG,Hoodie,2000.0,—,1,"Размерный ряд: S, M , L, XL, 2XL
Материал - хлопок/полиэстер
Отправка из Москвы
КАТАЛОГ И УСЛОВИЯ В ЗАКРЕПЕ КАНАЛА"
34261,2026-08-04,Худи Undercover,Undercover,Hoodie,2000.0,—,1,"Размерный ряд: S, M , L, XL, 2XL
Материал - хлопок/полиэстер
Отправка из Москвы
КАТАЛОГ И УСЛОВИЯ В ЗАКРЕПЕ КАНАЛА"
34243,2026-08-04,Худи Gucci,Gucci,Hoodie,2000.0,—,1,"Размерный ряд: S, M , L, XL, 2XL
Материал - хлопок/полиэстер
Отправка из Москвы
КАТАЛОГ И УСЛОВИЯ В ЗАКРЕПЕ КАНАЛА"
34232,2026-08-04,Худи Philip Plein,Other,Hoodie,2000.0,—,1,"Размерный ряд: S, M , L, XL, 2XL
Материал - хлопок/полиэстер
Отправка из Москвы
КАТАЛОГ И УСЛОВИЯ В ЗАКРЕПЕ КАНАЛА"
34222,2026-08-04,Худи Yohji Yamamoto,Other,Hoodie,2000.0,—,1,"Размерный ряд: S, M , L, XL, 2XL
Материал - хлопок/полиэстер
Отправка из Москвы
КАТАЛОГ И УСЛОВИЯ В ЗАКРЕПЕ КАНАЛА"
34221,2026-08-04,💄 Запускаем косметические боксы!,Other,Other,250.0,—,1,"📦 Что внутри?
В каждом боксе находится 3 единицы товара. Это могут быть:
• духи;
• палетки;"
34212,2026-08-03,Футболка Palm Angels,Palm Angels,Tee,1100.0,—,1,"Размерный ряд: S, M , L, XL, 2XL
Материал - хлопок
Отправка из Москвы
КАТАЛОГ И УСЛОВИЯ В ЗАКРЕПЕ КАНАЛА"
34204,2026-08-03,Футболка варенка Palm Angels,Palm Angels,Tee,1250.0,—,1,"Размерный ряд: S, M , L, XL, 2XL
Материал - хлопок
Отправка из Москвы
КАТАЛОГ И УСЛОВИЯ В ЗАКРЕПЕ КАНАЛА"
34194,2026-08-03,Свитшот Gucci,Gucci,Hoodie,1800.0,—,1,"Размерный ряд: S, M , L, XL, 2XL
Материал - хлопок
Отправка из Москвы
КАТАЛОГ И УСЛОВИЯ В ЗАКРЕПЕ КАНАЛА"
34193,2026-08-03,Футболка Bape x Hello Kitty,BAPE,Tee,1500.0,—,1,"Размерный ряд: S, M , L, XL, 2XL
Материал - хлопок
Отправка из Москвы
КАТАЛОГ И УСЛОВИЯ В ЗАКРЕПЕ КАНАЛА"
34178,2026-07-31,💄 Запускаем косметические боксы!,Other,Other,250.0,—,1,"📦 Что внутри?
В каждом боксе находится 3 единицы товара. Это могут быть:
• духи;
• палетки;"
34175,2026-07-31,⚠️ Авито снова изменило условия в категории «Кофты и футболки». Но есть и хорошая новость.,Other,Tee,500.0,—,1,"Изначально Авито подняло комиссию до 11%, что вызвало большое количество недовольства среди продавцов.
В итоге они прислушались к обратной связи и снизили комиссию до 10%.
Да, комиссия выросла, но многие сейчас зря переживают.
❗️Важно понимать: эти изменения коснулись не только вас, а всех продавцов"
34164,2026-07-30,Худи Supreme teddy,Other,Hoodie,2000.0,—,1,"Размерный ряд: S, M , L, XL, 2XL
Материал - хлопок/полиэстер
Отправка из Москвы
КАТАЛОГ И УСЛОВИЯ В ЗАКРЕПЕ КАНАЛА"
34154,2026-07-30,Худи Supreme teddy,Other,Hoodie,2000.0,—,1,"Размерный ряд: S, M , L, XL, 2XL
Материал - хлопок/полиэстер
Отправка из Москвы
КАТАЛОГ И УСЛОВИЯ В ЗАКРЕПЕ КАНАЛА"
34144,2026-07-30,Худи Supreme Dark Knight,Other,Hoodie,2000.0,—,1,"Размерный ряд: S, M , L, XL, 2XL
Материал - хлопок/полиэстер
Отправка из Москвы
КАТАЛОГ И УСЛОВИЯ В ЗАКРЕПЕ КАНАЛА"
34134,2026-07-30,Худи Mastermind,Other,Hoodie,2000.0,—,1,"Размерный ряд: S, M , L, XL, 2XL
Материал - хлопок/полиэстер
Отправка из Москвы
КАТАЛОГ И УСЛОВИЯ В ЗАКРЕПЕ КАНАЛА"
34122,2026-07-29,Рубашка Поло Bape,BAPE,Tee,1300.0,—,1,"Размерный ряд: S, M , L, XL, 2XL
Материал - хлопок
Отправка из Москвы
КАТАЛОГ И УСЛОВИЯ В ЗАКРЕПЕ КАНАЛА"
34113,2026-07-29,Поло Comme des,Other,Tee,1300.0,—,1,"Garçons
Размерный ряд: S, M , L, XL, 2XL
Материал - хлопок
Отправка из Москвы"
34104,2026-07-29,Поло Ami Paris,Other,Tee,1300.0,—,1,"Размерный ряд: S, M , L, XL, 2XL
Материал - хлопок
Отправка из Москвы
КАТАЛОГ И УСЛОВИЯ В ЗАКРЕПЕ КАНАЛА"
34098,2026-07-28,"Ребята, видимо все с работы пришли и опять наплыв по боксам пошел в сообщениях.",Other,Hoodie,1300.0,—,1,"К сожалению все продано.
Специально для вас, догружаю, кто не успел заказать.
Худи и свитшоты добавим.
Последние 13 футболок блин хотел себе забрать, подарить друщьям и близким."
34094,2026-07-28,ОСТАЛОСЬ 40 ПОЗИЦИЙ,Other,Other,5000.0,40,1,"БОЛЬШАЯ ЧАСТЬ ПРОДАНА
БОКС 10 ШТУК - 5000₽
БОКС 5 ШТУК - 3000₽
При заказе от 3 боксов бесплатная доставка 💕"
34087,2026-07-28,📢 БОКСЫ ФУТБОЛКА + ЛОНГ ДОСТУПНЫ К ЗАКАЗУ,Other,Tee,3000.0,50,1,"1 БОКС = 1 КУПОН
Далее рандомайзером выберем 3 человека кому дадим закрытый канал.
БОКС 5 ПОЗИЦИЙ - 3000₽
БОКС 10 ПОЗИЦИЙ - 5000₽"
34085,2026-07-28,"Напомню вам, что бы вы понимали насколько это супер цена.",Other,Tee,700.0,50,1,"Футболка :
оптом - 700₽ (крупный опт)
дропом - 1000₽
Лонги :"
34084,2026-07-28,ДАВНО У НАС НЕ БЫЛО МИСТЕРИ БОКСОВ 💀,Other,Tee,500.0,—,1,"ФУТБОЛКА/ЛОНГ - 500₽
ДЕЛАЕМ ? 👹
Среди покупателей разыграем доступ в закрытый канал 👀"
34075,2026-07-28,Поло Drole des Monsieur “NOT FROM PARIS MADAME”,Other,Tee,1300.0,—,1,"Размерный ряд: S, M , L, XL, 2XL
Материал - хлопок
Отправка из Москвы
КАТАЛОГ И УСЛОВИЯ В ЗАКРЕПЕ КАНАЛА"
34066,2026-07-28,Поло Comme des,Other,Tee,1300.0,—,1,"Garçons
Размерный ряд: S, M , L, XL, 2XL
Материал - хлопок
Отправка из Москвы"
34057,2026-07-28,Поло Comme des,Other,Tee,1300.0,—,1,"Garçons
Размерный ряд: S, M , L, XL, 2XL
Материал - хлопок
Отправка из Москвы"
34047,2026-07-27,Футболка Levi’s,Other,Tee,1000.0,—,1,"Размерный ряд: S, M , L, XL, 2XL
Материал - хлопок
Отправка из Москвы
КАТАЛОГ И УСЛОВИЯ В ЗАКРЕПЕ КАНАЛА"
34037,2026-07-27,Футболка Levi’s,Other,Tee,1000.0,—,1,"Размерный ряд: S, M , L, XL, 2XL
Материал - хлопок
Отправка из Москвы
КАТАЛОГ И УСЛОВИЯ В ЗАКРЕПЕ КАНАЛА"
34027,2026-07-27,Футболка Levi’s,Other,Tee,1000.0,—,1,"Размерный ряд: S, M , L, XL, 2XL
Материал - хлопок
Отправка из Москвы
КАТАЛОГ И УСЛОВИЯ В ЗАКРЕПЕ КАНАЛА"
34018,2026-07-27,Свитшот Kenzo,Kenzo,Hoodie,1800.0,—,1,"Размерный ряд: S, M , L, XL, 2XL
Материал - хлопок
Отправка из Москвы
КАТАЛОГ И УСЛОВИЯ В ЗАКРЕПЕ КАНАЛА"
34003,2026-07-23,Свитшот BAPE Big Head Pink,BAPE,Hoodie,1800.0,—,1,"Размерный ряд: S, M , L, XL, 2XL
Материал - хлопок/полиэстер
Отправка из Москвы
КАТАЛОГ И УСЛОВИЯ В ЗАКРЕПЕ КАНАЛА"
33993,2026-07-23,Свитшот BAPE Big Head Black,BAPE,Hoodie,1800.0,—,1,"Размерный ряд: S, M , L, XL, 2XL
Материал - хлопок/полиэстер
Отправка из Москвы
КАТАЛОГ И УСЛОВИЯ В ЗАКРЕПЕ КАНАЛА"
33983,2026-07-23,Свитшот BAPE Big Head Blue,BAPE,Hoodie,1800.0,—,1,"Размерный ряд: S, M , L, XL, 2XL
Материал - хлопок/полиэстер
Отправка из Москвы
КАТАЛОГ И УСЛОВИЯ В ЗАКРЕПЕ КАНАЛА"
33973,2026-07-23,Свитшот BAPE Big Head Green,BAPE,Hoodie,1800.0,—,1,"Размерный ряд: S, M , L, XL, 2XL
Материал - хлопок/полиэстер
Отправка из Москвы
КАТАЛОГ И УСЛОВИЯ В ЗАКРЕПЕ КАНАЛА"
33963,2026-07-23,Свитшот Palace x Gap,Other,Hoodie,1800.0,—,1,"Размерный ряд: S, M , L, XL, 2XL
Материал - хлопок/полиэстер
Отправка из Москвы
КАТАЛОГ И УСЛОВИЯ В ЗАКРЕПЕ КАНАЛА"
33952,2026-07-22,Футболка Levi’s,Other,Tee,1000.0,—,1,"Размерный ряд: S, M , L, XL, 2XL
Материал - хлопок
Отправка из Москвы
КАТАЛОГ И УСЛОВИЯ В ЗАКРЕПЕ КАНАЛА"
33942,2026-07-22,Футболка Levi’s,Other,Tee,1000.0,—,1,"Размерный ряд: S, M , L, XL, 2XL
Материал - хлопок
Отправка из Москвы
КАТАЛОГ И УСЛОВИЯ В ЗАКРЕПЕ КАНАЛА"
33932,2026-07-22,Футболка Levi’s,Other,Tee,1000.0,—,1,"Размерный ряд: S, M , L, XL, 2XL
Материал - хлопок
Отправка из Москвы
КАТАЛОГ И УСЛОВИЯ В ЗАКРЕПЕ КАНАЛА"
33922,2026-07-22,Свитшот Kenzo,Kenzo,Hoodie,1800.0,—,1,"Размерный ряд: S, M , L, XL, 2XL
Материал - хлопок
Отправка из Москвы
КАТАЛОГ И УСЛОВИЯ В ЗАКРЕПЕ КАНАЛА"
33913,2026-07-21,Лонгслив Bape x Naruto,BAPE,Longsleeve,1300.0,—,1,"Размерный ряд: S, M , L, XL, 2XL
Материал - хлопок
Отправка из Москвы
КАТАЛОГ И УСЛОВИЯ В ЗАКРЕПЕ КАНАЛА"
33904,2026-07-21,Лонгслив Bape x Boruto,BAPE,Longsleeve,1300.0,—,1,"Размерный ряд: S, M , L, XL, 2XL
Материал - хлопок
Отправка из Москвы
КАТАЛОГ И УСЛОВИЯ В ЗАКРЕПЕ КАНАЛА"
33895,2026-07-21,Лонгслив Bape x Naruto,BAPE,Longsleeve,1300.0,—,1,"Размерный ряд: S, M , L, XL, 2XL
Материал - хлопок
Отправка из Москвы
КАТАЛОГ И УСЛОВИЯ В ЗАКРЕПЕ КАНАЛА"
33883,2026-07-21,Лонгслив Bape x Naruto,BAPE,Longsleeve,1300.0,—,1,"Размерный ряд: S, M , L, XL, 2XL
Материал - хлопок
Отправка из Москвы
КАТАЛОГ И УСЛОВИЯ В ЗАКРЕПЕ КАНАЛА"
33879,2026-07-21,Лонгслив Bape x Naruto,BAPE,Longsleeve,1300.0,—,1,"Размерный ряд: S, M , L, XL, 2XL
Материал - хлопок
Отправка из Москвы
КАТАЛОГ И УСЛОВИЯ В ЗАКРЕПЕ КАНАЛА"
33862,2026-07-20,Футболка Levi’s,Other,Tee,1000.0,—,1,"Размерный ряд: S, M , L, XL, 2XL
Материал - хлопок
Отправка из Москвы
КАТАЛОГ И УСЛОВИЯ В ЗАКРЕПЕ КАНАЛА"
33852,2026-07-20,Футболка Valentino,Valentino,Tee,1000.0,—,1,"Размерный ряд: S, M , L, XL, 2XL
Материал - хлопок
Отправка из Москвы
КАТАЛОГ И УСЛОВИЯ В ЗАКРЕПЕ КАНАЛА"
33841,2026-07-20,Футболка Levis,Other,Tee,1000.0,—,1,"Размерный ряд: S, M , L, XL, 2XL
Материал - хлопок
Отправка из Москвы
КАТАЛОГ И УСЛОВИЯ В ЗАКРЕПЕ КАНАЛА"
33832,2026-07-20,Футболка Levi’s,Other,Tee,1000.0,—,1,"Размерный ряд: S, M , L, XL, 2XL
Материал - хлопок
Отправка из Москвы
КАТАЛОГ И УСЛОВИЯ В ЗАКРЕПЕ КАНАЛА"
33824,2026-07-20,Футболка Levi’s,Other,Tee,1000.0,—,1,"Размерный ряд: S, M , L, XL, 2XL
Материал - хлопок
Отправка из Москвы
КАТАЛОГ И УСЛОВИЯ В ЗАКРЕПЕ КАНАЛА"
33813,2026-07-17,Футболка Gucci,Gucci,Tee,1100.0,—,1,"Размерный ряд: S, M , L, XL, 2XL
Материал - хлопок
Отправка из Москвы
КАТАЛОГ И УСЛОВИЯ В ЗАКРЕПЕ КАНАЛА"
33803,2026-07-17,Футболка Champion,Champion,Tee,1000.0,—,1,"Размерный ряд: S, M , L, XL, 2XL
Материал - хлопок
Отправка из Москвы
КАТАЛОГ И УСЛОВИЯ В ЗАКРЕПЕ КАНАЛА"
33793,2026-07-17,Футболка Louis Vuitton,Louis Vuitton,Tee,1000.0,—,1,"Размерный ряд: S, M , L, XL, 2XL
Материал - хлопок
Отправка из Москвы
КАТАЛОГ И УСЛОВИЯ В ЗАКРЕПЕ КАНАЛА"
33773,2026-07-17,Футболка Givenchy,Givenchy,Tee,1000.0,—,1,"Размерный ряд: S, M , L, XL, 2XL
Материал - хлопок
Отправка из Москвы
КАТАЛОГ И УСЛОВИЯ В ЗАКРЕПЕ КАНАЛА"
33763,2026-07-17,Свитшот Gucci,Gucci,Hoodie,1800.0,—,1,"Размерный ряд: S, M , L, XL, 2XL
Материал - хлопок
Отправка из Москвы
КАТАЛОГ И УСЛОВИЯ В ЗАКРЕПЕ КАНАЛА"
33750,2026-07-16,РАСПРОДАЖА ФУТБОЛОК 💀,New Balance,Krossovki,550.0,—,1,"Размеры - s m l xl 2xl
- МОЖНО БРАТЬ ЛЮБЫЕ РАЗМЕРЫ И ЛЮБЫЕ ЦВЕТА, ГЛАВНОЕ КОЛИЧЕСТВО
Цена :
оптом от 10 штук - 550₽"
33695,2026-07-15,Рубашка Fred Perry,Other,Other,1300.0,—,1,"Размерный ряд: S, M , L, XL, 2XL
Материал - хлопок
Отправка из Москвы
КАТАЛОГ И УСЛОВИЯ В ЗАКРЕПЕ КАНАЛА"
33691,2026-07-15,РАСПРОДАЖА ФУТБОЛОК 💀,New Balance,Krossovki,550.0,—,1,"Размеры - s m l xl 2xl
- МОЖНО БРАТЬ ЛЮБЫЕ РАЗМЕРЫ И ЛЮБЫЕ ЦВЕТА, ГЛАВНОЕ КОЛИЧЕСТВО
Цена :
оптом от 10 штук - 550₽"
33683,2026-07-15,Футболки поло Bape Milo,BAPE,Tee,1400.0,—,1,"❤️❤️❤️❤️❤️❤️❤️❤️
❤️❤️❤️❤️  ❤️❤️❤️❤️
❤️❤️❤️❤️❤️❤️❤️❤️❤️
❤️Отправка из Питера"
33676,2026-07-15,Рубашка поло Bape,BAPE,Tee,1300.0,—,1,"Размерный ряд: S, M , L, XL, 2XL
Материал - хлопок
Отправка из Москвы
КАТАЛОГ И УСЛОВИЯ В ЗАКРЕПЕ КАНАЛА"
33671,2026-07-15,РАСПРОДАЖА ФУТБОЛОК 💀,New Balance,Krossovki,550.0,—,1,"Размеры - s m l xl 2xl
- МОЖНО БРАТЬ ЛЮБЫЕ РАЗМЕРЫ И ЛЮБЫЕ ЦВЕТА, ГЛАВНОЕ КОЛИЧЕСТВО
Цена :
оптом от 10 штук - 550₽"
33663,2026-07-15,Рубашка поло Bape,BAPE,Tee,1300.0,—,1,"Размерный ряд: S, M , L, XL, 2XL
Материал - хлопок
Отправка из Москвы
КАТАЛОГ И УСЛОВИЯ В ЗАКРЕПЕ КАНАЛА"
33661,2026-07-14,Футболка Oakley,Oakley,Tee,1100.0,—,1,"Размерный ряд: S, M , L, XL, 2XL
Материал - хлопок
Отправка из Москвы
КАТАЛОГ И УСЛОВИЯ В ЗАКРЕПЕ КАНАЛА"
33650,2026-07-14,Футболка Bape x Hello Kitty,BAPE,Tee,1500.0,—,1,"Размерный ряд: S, M , L, XL, 2XL
Материал - хлопок
Отправка из Москвы
КАТАЛОГ И УСЛОВИЯ В ЗАКРЕПЕ КАНАЛА"
33630,2026-07-14,Футболка Oakley,Oakley,Tee,1100.0,—,1,"Размерный ряд: S, M , L, XL, 2XL
Материал - хлопок
Отправка из Москвы
КАТАЛОГ И УСЛОВИЯ В ЗАКРЕПЕ КАНАЛА"
33628,2026-07-14,3 дроп заказа по футболкам БЕСПЛАТНО,Other,Tee,4500.0,35,1,"Главное условие - выложить 35 объявлений за ЧАС
Кто первый - тот молодец, захалявит 4500₽+ на продаже
Время пошло ⏳"
33614,2026-07-13,Свитшот BAPE,BAPE,Hoodie,2000.0,—,1,"❤️Отправка из Москвы
КАТАЛОГ В ЗАКРЕПЕ
❤️Минимальный оптовый заказ - 5шт
❤️Размерный ряд  S, M, L, XL, 2XL"
33604,2026-07-13,Свитшот Gucci,Gucci,Hoodie,1800.0,—,1,"Размерный ряд: S, M , L, XL, 2XL
Материал - хлопок/полиэстер
Отправка из Москвы
КАТАЛОГ И УСЛОВИЯ В ЗАКРЕПЕ КАНАЛА"
33587,2026-07-11,Свитшот Gucci,Gucci,Hoodie,1800.0,—,1,"Размерный ряд: S, M , L, XL, 2XL
Материал - хлопок
Отправка из Москвы
КАТАЛОГ И УСЛОВИЯ В ЗАКРЕПЕ КАНАЛА"
33578,2026-07-11,Футболка Levi’s,Other,Tee,1000.0,—,1,"Размерный ряд: S, M , L, XL, 2XL
Материал - хлопок
Отправка из Москвы
КАТАЛОГ И УСЛОВИЯ В ЗАКРЕПЕ КАНАЛА"
33570,2026-07-11,Футболка варенка Palm Angels,Palm Angels,Tee,1250.0,—,1,"Размерный ряд: S, M , L, XL, 2XL
Материал - хлопок
Отправка из Москвы
КАТАЛОГ И УСЛОВИЯ В ЗАКРЕПЕ КАНАЛА"
33562,2026-07-11,Футболка Palm Angels,Palm Angels,Tee,1100.0,—,1,"Размерный ряд: S, M , L, XL, 2XL
Материал - хлопок
Отправка из Москвы
КАТАЛОГ И УСЛОВИЯ В ЗАКРЕПЕ КАНАЛА"
33554,2026-07-11,Футболка варенка Gucci,Gucci,Tee,1250.0,—,1,"Размерный ряд: S, M , L, XL, 2XL
Материал - хлопок
Отправка из Москвы
КАТАЛОГ И УСЛОВИЯ В ЗАКРЕПЕ КАНАЛА"
33542,2026-07-10,Лонгслив mastermind,Other,Longsleeve,1300.0,—,1,"Размерный ряд: S, M , L, XL, 2XL
Материал - хлопок
Отправка из Москвы
КАТАЛОГ И УСЛОВИЯ В ЗАКРЕПЕ КАНАЛА"
33525,2026-07-09,Футболка Levi’s,Other,Tee,1000.0,—,1,"Размерный ряд: S, M , L, XL, 2XL
Материал - хлопок
Отправка из Москвы
КАТАЛОГ И УСЛОВИЯ В ЗАКРЕПЕ КАНАЛА"
33507,2026-07-09,Футболка Levis,Other,Tee,1000.0,—,1,"Размерный ряд: S, M , L, XL, 2XL
Материал - хлопок
Отправка из Москвы
КАТАЛОГ И УСЛОВИЯ В ЗАКРЕПЕ КАНАЛА"
33498,2026-07-09,Не забываем про Лонги,Other,Tee,1700.0,—,1,"Конечно, футболки идут на все 300%, но Лонги - база, которая тоже должна быть в гардеробе
Все лонги  1600-1700₽ ✨ 1300₽ ДРОПОМ
Опт уже обговариваете с менеджером Мистером А."
33485,2026-07-08,Футболка Saint Laurent,Saint Laurent,Tee,1000.0,—,1,"Размерный ряд: S, M , L, XL, 2XL
Материал - хлопок
Отправка из Москвы
КАТАЛОГ И УСЛОВИЯ В ЗАКРЕПЕ КАНАЛА"
33475,2026-07-08,Футболка Supreme Maison Margiela,Other,Tee,1250.0,—,1,"Размерный ряд: S, M , L, XL, 2XL
Материал - хлопок
Отправка из Москвы
КАТАЛОГ И УСЛОВИЯ В ЗАКРЕПЕ КАНАЛА"
33464,2026-07-08,Футболка Denim Tears,Other,Tee,1000.0,—,1,"Размерный ряд: S, M , L, XL, 2XL
Материал - хлопок
Отправка из Москвы
КАТАЛОГ И УСЛОВИЯ В ЗАКРЕПЕ КАНАЛА"
33454,2026-07-08,Футболка Acme De La Vie,Other,Tee,1250.0,—,1,"Размерный ряд: S, M , L, XL, 2XL
Материал - хлопок
Отправка из Москвы
КАТАЛОГ И УСЛОВИЯ В ЗАКРЕПЕ КАНАЛА"
33430,2026-07-06,Футболка Kenzo,Kenzo,Tee,1000.0,—,1,"Размерный ряд: S, M , L, XL, 2XL
Материал - хлопок
Отправка из Москвы
КАТАЛОГ И УСЛОВИЯ В ЗАКРЕПЕ КАНАЛА"
33419,2026-07-06,Футболка Valentino,Valentino,Tee,1000.0,—,1,"Размерный ряд: S, M , L, XL, 2XL
Материал - хлопок
Отправка из Москвы
КАТАЛОГ И УСЛОВИЯ В ЗАКРЕПЕ КАНАЛА"
33409,2026-07-06,Футболка Levi’s,Other,Tee,1500.0,—,1,"Размерный ряд: S, M , L, XL, 2XL
Материал - хлопок
Отправка из Москвы
КАТАЛОГ И УСЛОВИЯ В ЗАКРЕПЕ КАНАЛА"
33399,2026-07-06,Футболка Louis Vuitton,Louis Vuitton,Tee,1000.0,—,1,"Размерный ряд: S, M , L, XL, 2XL
Материал - хлопок
Отправка из Москвы
КАТАЛОГ И УСЛОВИЯ В ЗАКРЕПЕ КАНАЛА"
33396,2026-07-04,Футболка Oakley,Oakley,Tee,1100.0,—,1,"Размерный ряд: S, M , L, XL, 2XL
Материал - хлопок
Отправка из Москвы
КАТАЛОГ И УСЛОВИЯ В ЗАКРЕПЕ КАНАЛА"
33378,2026-07-04,Футболка Oakley,Oakley,Tee,1500.0,—,1,"Размерный ряд: S, M , L, XL, 2XL
Материал - хлопок
Отправка из Москвы
КАТАЛОГ И УСЛОВИЯ В ЗАКРЕПЕ КАНАЛА"
33377,2026-07-04,Футболка Oakley,Oakley,Tee,1100.0,—,1,"Размерный ряд: S, M , L, XL, 2XL
Материал - хлопок
Отправка из Москвы
КАТАЛОГ И УСЛОВИЯ В ЗАКРЕПЕ КАНАЛА"
33358,2026-07-04,Футболка Oakley,Oakley,Tee,1100.0,—,1,"Размерный ряд: S, M , L, XL, 2XL
Материал - хлопок
Отправка из Москвы
КАТАЛОГ И УСЛОВИЯ В ЗАКРЕПЕ КАНАЛА"
33344,2026-07-03,Футболка Bape,BAPE,Tee,1000.0,—,1,"Размерный ряд: S, M , L, XL, 2XL
Материал - хлопок
Отправка из Москвы
КАТАЛОГ И УСЛОВИЯ В ЗАКРЕПЕ КАНАЛА"
33333,2026-07-02,Футболка Givenchy,Givenchy,Tee,1000.0,—,1,"Размерный ряд: S, M , L, XL, 2XL
Материал - хлопок
Отправка из Москвы
КАТАЛОГ И УСЛОВИЯ В ЗАКРЕПЕ КАНАЛА"
33324,2026-07-02,Футболка Levi’s,Other,Tee,1000.0,—,1,"Размерный ряд: S, M , L, XL, 2XL
Материал - хлопок
Отправка из Москвы
КАТАЛОГ И УСЛОВИЯ В ЗАКРЕПЕ КАНАЛА"
33316,2026-07-02,Футболка Levi’s,Other,Tee,1000.0,—,1,"Размерный ряд: S, M , L, XL, 2XL
Материал - хлопок
Отправка из Москвы
КАТАЛОГ И УСЛОВИЯ В ЗАКРЕПЕ КАНАЛА"
33307,2026-07-02,Футболка Levi’s,Other,Tee,1000.0,—,1,"Размерный ряд: S, M , L, XL, 2XL
Материал - хлопок
Отправка из Москвы
КАТАЛОГ И УСЛОВИЯ В ЗАКРЕПЕ КАНАЛА"
33298,2026-07-02,Футболка Philip Plein,Other,Tee,1000.0,—,1,"Размерный ряд: S, M , L, XL, 2XL
Материал - хлопок
Отправка из Москвы
КАТАЛОГ И УСЛОВИЯ В ЗАКРЕПЕ КАНАЛА"
33289,2026-07-02,Футболка варенка Gucci,Gucci,Tee,1150.0,—,1,"Размерный ряд: S, M , L, XL, 2XL
Материал - хлопок
Отправка из Москвы
КАТАЛОГ И УСЛОВИЯ В ЗАКРЕПЕ КАНАЛА"
33284,2026-07-01,Футболка ERD,Other,Tee,1000.0,—,1,"Размерный ряд: S, M , L, XL, 2XL
Материал - хлопок
Отправка из Москвы
КАТАЛОГ И УСЛОВИЯ В ЗАКРЕПЕ КАНАЛА"
33274,2026-07-01,Футболка ERD,Other,Tee,1000.0,—,1,"Размерный ряд: S, M , L, XL, 2XL
Материал - хлопок
Отправка из Москвы
КАТАЛОГ И УСЛОВИЯ В ЗАКРЕПЕ КАНАЛА"
33261,2026-07-01,Лонгслив ERD,Other,Longsleeve,1300.0,—,1,"Размерный ряд: S, M , L, XL, 2XL
Материал - хлопок
Отправка из Москвы
КАТАЛОГ И УСЛОВИЯ В ЗАКРЕПЕ КАНАЛА"
33251,2026-07-01,Лонгслив ERD,Other,Longsleeve,1300.0,—,1,"Размерный ряд: S, M , L, XL, 2XL
Материал - хлопок
Отправка из Москвы
КАТАЛОГ И УСЛОВИЯ В ЗАКРЕПЕ КАНАЛА"
33239,2026-06-30,Свитшот Bape,BAPE,Hoodie,1800.0,—,1,"Размерный ряд: S, M , L, XL, 2XL
Материал - хлопок/полиэстер
Отправка из Москвы
КАТАЛОГ И УСЛОВИЯ В ЗАКРЕПЕ КАНАЛА"
33229,2026-06-30,Свитшот Bape Mastermind,BAPE,Hoodie,1800.0,—,1,"Размерный ряд: S, M , L, XL, 2XL
Материал - хлопок/полиэстер
Отправка из Москвы
КАТАЛОГ И УСЛОВИЯ В ЗАКРЕПЕ КАНАЛА"
33219,2026-06-30,Свитшот Gucci,Gucci,Hoodie,1800.0,—,1,"Размерный ряд: S, M , L, XL, 2XL
Материал - хлопок/полиэстер
Отправка из Москвы
КАТАЛОГ И УСЛОВИЯ В ЗАКРЕПЕ КАНАЛА"
33209,2026-06-30,Футболка Champion,Champion,Tee,1000.0,—,1,"Размерный ряд: S, M , L, XL, 2XL
Материал - хлопок
Отправка из Москвы
КАТАЛОГ И УСЛОВИЯ В ЗАКРЕПЕ КАНАЛА"
33196,2026-06-30,Футболка Gucci,Gucci,Tee,1100.0,—,1,"Размерный ряд: S, M , L, XL, 2XL
Материал - хлопок
Отправка из Москвы
КАТАЛОГ И УСЛОВИЯ В ЗАКРЕПЕ КАНАЛА"
33184,2026-06-29,Майка BAPE Sakura,BAPE,Other,1000.0,—,1,"Размерный ряд: S, M , L, XL, 2XL
Материал - хлопок
Отправка из Москвы
КАТАЛОГ И УСЛОВИЯ В ЗАКРЕПЕ КАНАЛА"
33173,2026-06-29,Майка Bape Baby Milo,BAPE,Other,1000.0,—,1,"Размерный ряд: S, M , L, XL, 2XL
Материал - хлопок
Отправка из Москвы
КАТАЛОГ И УСЛОВИЯ В ЗАКРЕПЕ КАНАЛА"
33163,2026-06-29,Майка Bape Adidas,Adidas,Other,1000.0,—,1,"Размерный ряд: S, M , L, XL, 2XL
Материал - хлопок
Отправка из Москвы
КАТАЛОГ И УСЛОВИЯ В ЗАКРЕПЕ КАНАЛА"
33142,2026-06-29,Майка BAPE Baby Milo Garfield,BAPE,Other,1000.0,—,1,"Размерный ряд: S, M , L, XL, 2XL
Материал - хлопок
Отправка из Москвы
КАТАЛОГ И УСЛОВИЯ В ЗАКРЕПЕ КАНАЛА"
33131,2026-06-26,Футболка Supreme,Other,Tee,1500.0,—,1,"Размерный ряд: S, M , L, XL, 2XL
Материал - хлопок
Отправка из Москвы
КАТАЛОГ И УСЛОВИЯ В ЗАКРЕПЕ КАНАЛА"
33121,2026-06-26,Футболка Comme des Garçons,Other,Tee,1500.0,—,1,"Размерный ряд: S, M , L, XL, 2XL
Материал - хлопок
Отправка из Москвы
КАТАЛОГ И УСЛОВИЯ В ЗАКРЕПЕ КАНАЛА"
33111,2026-06-26,Футболка Supreme,Other,Tee,1500.0,—,1,"Размерный ряд: S, M , L, XL, 2XL
Материал - хлопок
Отправка из Москвы
КАТАЛОГ И УСЛОВИЯ В ЗАКРЕПЕ КАНАЛА"
33101,2026-06-26,Футболка поло Gucci,Gucci,Tee,1500.0,—,1,"Размерный ряд: S, M , L, XL, 2XL
Материал - хлопок
Отправка из Москвы
КАТАЛОГ И УСЛОВИЯ В ЗАКРЕПЕ КАНАЛА"
33082,2026-06-25,Футболка Martine rose,Other,Tee,1500.0,—,1,"Размерный ряд: S, M , L, XL, 2XL
Материал - хлопок
Отправка из Москвы
КАТАЛОГ И УСЛОВИЯ В ЗАКРЕПЕ КАНАЛА"
33081,2026-06-25,Футболка Bape x Hello Kitty,BAPE,Tee,1500.0,—,1,"Размерный ряд: S, M , L, XL, 2XL
Материал - хлопок
Отправка из Москвы
КАТАЛОГ И УСЛОВИЯ В ЗАКРЕПЕ КАНАЛА"
33062,2026-06-25,Футболка Calvin Klein,Louis Vuitton,Tee,1000.0,—,1,"Размерный ряд: S, M , L, XL, 2XL
Материал - хлопок
Отправка из Москвы
КАТАЛОГ И УСЛОВИЯ В ЗАКРЕПЕ КАНАЛА"
33051,2026-06-24,Футболка Levis,Other,Tee,1000.0,—,1,"Размерный ряд: S, M , L, XL, 2XL
Материал - хлопок
Отправка из Москвы
КАТАЛОГ И УСЛОВИЯ В ЗАКРЕПЕ КАНАЛА"
33041,2026-06-24,Футболка Levi’s,Other,Tee,1500.0,—,1,"Размерный ряд: S, M , L, XL, 2XL
Материал - хлопок
Отправка из Москвы
КАТАЛОГ И УСЛОВИЯ В ЗАКРЕПЕ КАНАЛА"
33037,2026-06-24,Футболка Oakley,Oakley,Tee,1100.0,—,1,"Размерный ряд: S, M , L, XL, 2XL
Материал - хлопок
Отправка из Москвы
КАТАЛОГ И УСЛОВИЯ В ЗАКРЕПЕ КАНАЛА"
33019,2026-06-24,Футболка Bape,BAPE,Tee,1000.0,—,1,"Размерный ряд: S, M , L, XL, 2XL
Материал - хлопок
Отправка из Москвы
КАТАЛОГ И УСЛОВИЯ В ЗАКРЕПЕ КАНАЛА"
33010,2026-06-23,Подборка товара по слив цене 🕳️,Other,Hoodie,650.0,—,1,"ВСЕ МОДЕЛИ ДОСТУПНЫ В РАЗМЕРЕ L
Цена любой футболки на ваш выбор - 650₽ шт
Цена свитшота - 1300₽шт
За заказом пишем @optobazaSAINTp"
33004,2026-06-23,Подборка товара по слив цене 🕳️,Other,Tee,650.0,—,1,"ВСЕ МОДЕЛИ ДОСТУПНЫ В РАЗМЕРЕ M❗️
Цена любой футболки на ваш выбор - 650₽ шт
За заказом пишем @optobazaSAINTp"
32994,2026-06-23,Подборка товара по слив цене 🕳️,Other,Tee,650.0,—,1,"ВСЕ МОДЕЛИ ДОСТУПНЫ В РАЗМЕРЕ S
Цена любой футболки на ваш выбор - 650₽ шт
За заказом пишем @optobazaSAINTp"
32984,2026-06-23,Футболка Comme des Garçons,Other,Tee,1000.0,—,1,"NEW CONTENT
Размерный ряд: S, M , L, XL, 2XL
Материал - хлопок
Отправка из Москвы"
32972,2026-06-22,Футболка Louis Vuitton,Louis Vuitton,Tee,1000.0,—,1,"Размерный ряд: S, M , L, XL, 2XL
Материал - хлопок
Отправка из Москвы
КАТАЛОГ И УСЛОВИЯ В ЗАКРЕПЕ КАНАЛА"
32963,2026-06-22,Футболка Valentino,Valentino,Tee,1000.0,—,1,"Размерный ряд: S, M , L, XL, 2XL
Материал - хлопок
Отправка из Москвы
КАТАЛОГ И УСЛОВИЯ В ЗАКРЕПЕ КАНАЛА"
32953,2026-06-22,Футболка Kenzo,Kenzo,Tee,1000.0,—,1,"Размерный ряд: S, M , L, XL, 2XL
Материал - хлопок
Отправка из Москвы
КАТАЛОГ И УСЛОВИЯ В ЗАКРЕПЕ КАНАЛА"
32949,2026-06-22,Футболка Oakley,Oakley,Tee,1000.0,—,1,"Размерный ряд: S, M , L, XL, 2XL
Материал - хлопок
Отправка из Москвы
КАТАЛОГ И УСЛОВИЯ В ЗАКРЕПЕ КАНАЛА"
32932,2026-06-21,Подборка товара по слив цене 🕳️,Other,Hoodie,650.0,—,1,"ВСЕ МОДЕЛИ ДОСТУПНЫ В РАЗМЕРЕ L
Цена любой футболки на ваш выбор - 650₽ шт
Цена свитшота - 1300₽шт
За заказом пишем @optobazaSAINTp"
32926,2026-06-21,Подборка товара по слив цене 🕳️,Other,Tee,650.0,—,1,"ВСЕ МОДЕЛИ ДОСТУПНЫ В РАЗМЕРЕ M❗️
Цена любой футболки на ваш выбор - 650₽ шт
За заказом пишем @optobazaSAINTp"
32914,2026-06-21,Подборка товара по слив цене 🕳️,Other,Tee,650.0,—,1,"ВСЕ МОДЕЛИ ДОСТУПНЫ В РАЗМЕРЕ S
Цена любой футболки на ваш выбор - 650₽ шт
За заказом пишем @optobazaSAINTp"
32909,2026-06-21,СЛИВ 🕳️,Saint Laurent,Tee,650.0,—,1,"Футболка Saint Laurent
- Материал: хлопок
- Бирка под бренд
- Умеренная база"
32905,2026-06-20,СЛИВ 🕳️,Undercover,Hoodie,1400.0,—,1,"Худи Undercover Horror
- Материал: хлопок/шлифованная нитка
- Бирка под бренд
- Умеренный оверсайз"
32901,2026-06-20,СЛИВ 🕳️,Other,Other,1300.0,—,1,"Полузамок Y-3
- Материал: хлопок/шлифованная нитка
- Бирка под бренд
- Умеренный оверсайз"
32897,2026-06-20,СЛИВ 🕳️,Other,Hoodie,1400.0,—,1,"Худи Supreme tardy
- Материал: хлопок/шлифованная нитка
- Бирка под бренд
- Умеренный оверсайз"
32888,2026-06-19,Футболка Bape,BAPE,Tee,1500.0,—,1,"Размерный ряд: S, M , L, XL, 2XL
Материал - хлопок
Отправка из Москвы
КАТАЛОГ И УСЛОВИЯ В ЗАКРЕПЕ КАНАЛА"
32880,2026-06-19,Футболка Bape,BAPE,Tee,1500.0,—,1,"Размерный ряд: S, M , L, XL, 2XL
Материал - хлопок
Отправка из Москвы
КАТАЛОГ И УСЛОВИЯ В ЗАКРЕПЕ КАНАЛА"
32872,2026-06-19,Футболка Bape,BAPE,Tee,1500.0,—,1,"Размерный ряд: S, M , L, XL, 2XL
Материал - хлопок
Отправка из Москвы
КАТАЛОГ И УСЛОВИЯ В ЗАКРЕПЕ КАНАЛА"
32864,2026-06-19,Футболка Bape,BAPE,Tee,1500.0,—,1,"Размерный ряд: S, M , L, XL, 2XL
Материал - хлопок
Отправка из Москвы
КАТАЛОГ И УСЛОВИЯ В ЗАКРЕПЕ КАНАЛА"
32862,2026-06-19,🔥 СЕКРЕТНЫЕ БОКСЫ 🔥,Other,Hoodie,2000.0,—,1,"Разгружаю склад и запускаю боксы всего за 2000₽.
📦 В каждом боксе — 3 случайных товара из ассортимента бренда.
Самое интересное:
🔥 С большой вероятностью в боксе попадается худи, которое только по моей оптовой цене стоит 1850₽. То есть одно худи практически окупает стоимость всего бокса."
32857,2026-06-18,🔥 СЕКРЕТНЫЕ БОКСЫ 🔥,Other,Hoodie,2000.0,—,1,"Разгружаю склад и запускаю боксы всего за 2000₽.
📦 В каждом боксе — 3 случайных товара из ассортимента бренда.
Самое интересное:
🔥 С большой вероятностью в боксе попадается худи, которое только по моей оптовой цене стоит 1850₽. То есть одно худи практически окупает стоимость всего бокса."
32844,2026-06-17,Футболка Levi’s,Other,Tee,1500.0,—,1,"Размерный ряд: S, M , L, XL, 2XL
Материал - хлопок
Отправка из Москвы
КАТАЛОГ И УСЛОВИЯ В ЗАКРЕПЕ КАНАЛА"
32835,2026-06-17,Футболка Oakley,Oakley,Tee,1500.0,—,1,"Размерный ряд: S, M , L, XL, 2XL
Материал - хлопок
Отправка из Москвы
КАТАЛОГ И УСЛОВИЯ В ЗАКРЕПЕ КАНАЛА"
32825,2026-06-17,Футболка Martine rose,Other,Tee,1500.0,—,1,"Размерный ряд: S, M , L, XL, 2XL
Материал - хлопок
Отправка из Москвы
КАТАЛОГ И УСЛОВИЯ В ЗАКРЕПЕ КАНАЛА"
32824,2026-06-17,Футболка Bape x Hello Kitty,BAPE,Tee,1500.0,—,1,"Размерный ряд: S, M , L, XL, 2XL
Материал - хлопок
Отправка из Москвы
КАТАЛОГ И УСЛОВИЯ В ЗАКРЕПЕ КАНАЛА"
32802,2026-06-16,Футболка Yohji Yamamoto,Other,Tee,1000.0,—,1,"Размерный ряд: S, M , L, XL, 2XL
Материал - хлопок
Отправка из Москвы
КАТАЛОГ И УСЛОВИЯ В ЗАКРЕПЕ КАНАЛА"
32791,2026-06-15,Футболка Yohji Yamamoto,Other,Tee,1000.0,—,1,"Размерный ряд: S, M , L, XL, 2XL
Материал - хлопок
Отправка из Москвы
КАТАЛОГ И УСЛОВИЯ В ЗАКРЕПЕ КАНАЛА"
32782,2026-06-15,Футболка Vetements,Other,Tee,1200.0,—,1,"Размерный ряд: S, M , L, XL, 2XL
Материал - хлопок
Отправка из Москвы
КАТАЛОГ И УСЛОВИЯ В ЗАКРЕПЕ КАНАЛА"
32775,2026-06-15,Футболка Comme des Fuckdown,Other,Tee,1000.0,—,1,"Размерный ряд: S, M , L, XL, 2XL
Материал - хлопок
Отправка из Москвы
КАТАЛОГ И УСЛОВИЯ В ЗАКРЕПЕ КАНАЛА"
32765,2026-06-15,Футболка Maison Margiela,Other,Tee,1000.0,—,1,"Размерный ряд: S, M , L, XL, 2XL
Материал - хлопок
Отправка из Москвы
КАТАЛОГ И УСЛОВИЯ В ЗАКРЕПЕ КАНАЛА"
32755,2026-06-15,Футболка Supreme,Other,Tee,1000.0,—,1,"Размерный ряд: S, M , L, XL, 2XL
Материал - хлопок
Отправка из Москвы
КАТАЛОГ И УСЛОВИЯ В ЗАКРЕПЕ КАНАЛА"
32744,2026-06-14,Футболка Kenzo,Kenzo,Tee,1000.0,—,1,"Размерный ряд: S, M , L, XL, 2XL
Материал - хлопок
Отправка из Москвы
КАТАЛОГ И УСЛОВИЯ В ЗАКРЕПЕ КАНАЛА"
32732,2026-06-14,Футболка Calvin Klein,Louis Vuitton,Tee,1000.0,—,1,"Размерный ряд: S, M , L, XL, 2XL
Материал - хлопок
Отправка из Москвы
КАТАЛОГ И УСЛОВИЯ В ЗАКРЕПЕ КАНАЛА"
32722,2026-06-14,Футболка Levis,Other,Tee,1000.0,—,1,"Размерный ряд: S, M , L, XL, 2XL
Материал - хлопок
Отправка из Москвы
КАТАЛОГ И УСЛОВИЯ В ЗАКРЕПЕ КАНАЛА"
32721,2026-06-13,Футболка Oakley,Oakley,Tee,1100.0,—,1,"Размерный ряд: S, M , L, XL, 2XL
Материал - хлопок
Отправка из Москвы
КАТАЛОГ И УСЛОВИЯ В ЗАКРЕПЕ КАНАЛА"
32703,2026-06-13,Футболка Bape,BAPE,Tee,1000.0,—,1,"Размерный ряд: S, M , L, XL, 2XL
Материал - хлопок
Отправка из Москвы
КАТАЛОГ И УСЛОВИЯ В ЗАКРЕПЕ КАНАЛА"
32701,2026-06-13,Лонгслив Kenzo,Kenzo,Longsleeve,1300.0,—,1,"Размерный ряд: S, M , L, XL, 2XL
Материал - хлопок
Отправка из Москвы
КАТАЛОГ И УСЛОВИЯ В ЗАКРЕПЕ КАНАЛА"
32684,2026-06-13,Футболка Bape,BAPE,Tee,1000.0,—,1,"Размерный ряд: S, M , L, XL, 2XL
Материал - хлопок
Отправка из Москвы
КАТАЛОГ И УСЛОВИЯ В ЗАКРЕПЕ КАНАЛА"
32674,2026-06-13,Футболка Oakley,Oakley,Tee,1100.0,—,1,"Размерный ряд: S, M , L, XL, 2XL
Материал - хлопок
Отправка из Москвы
КАТАЛОГ И УСЛОВИЯ В ЗАКРЕПЕ КАНАЛА"
32660,2026-06-11,Футболка Corteiz,Corteiz,Tee,1100.0,—,1,"Размерный ряд: S, M , L, XL, 2XL
Материал - хлопок
Отправка из Москвы
КАТАЛОГ И УСЛОВИЯ В ЗАКРЕПЕ КАНАЛА"
32659,2026-06-11,ВНЕПЛАНОВАЯ РАСПРОДАЖА ШОРТ,New Balance,Krossovki,550.0,—,1,"Big polar boy - 4шт
Corteiz - 9шт
Отправка от 3х штук, миксом
Цена: 550₽ шт"
32652,2026-06-11,Футболка Corteiz,Corteiz,Tee,1000.0,—,1,"Размерный ряд: S, M , L, XL, 2XL
Материал - хлопок
Отправка из Москвы
КАТАЛОГ И УСЛОВИЯ В ЗАКРЕПЕ КАНАЛА"
32646,2026-06-11,Футболка Corteiz,Corteiz,Tee,1000.0,—,1,"Размерный ряд: S, M , L, XL, 2XL
Материал - хлопок
Отправка из Москвы
КАТАЛОГ И УСЛОВИЯ В ЗАКРЕПЕ КАНАЛА"
32635,2026-06-11,Футболка Corteiz,Corteiz,Tee,1000.0,—,1,"Размерный ряд: S, M , L, XL, 2XL
Материал - хлопок
Отправка из Москвы
КАТАЛОГ И УСЛОВИЯ В ЗАКРЕПЕ КАНАЛА"
32619,2026-06-09,Лонгслив Bape x Spanch Bob,BAPE,Longsleeve,1300.0,—,1,"Размерный ряд: S, M , L, XL, 2XL
Материал - хлопок
Отправка из Москвы
КАТАЛОГ И УСЛОВИЯ В ЗАКРЕПЕ КАНАЛА"
32609,2026-06-09,Лонгслив Bape x Chrome Hearts,Chrome Hearts,Longsleeve,1300.0,—,1,"Размерный ряд: S, M , L, XL, 2XL
Материал - хлопок
Отправка из Москвы
КАТАЛОГ И УСЛОВИЯ В ЗАКРЕПЕ КАНАЛА"
32608,2026-06-09,В чем его суть и преимущества ?,Other,Other,1000.0,—,1,"1) Супер низкие цены для рынка на позиции которые продаются регулярно.
2) Оптовый заказ от 1000₽
Эти два условия помогут вам накрутить отзывы на авито, прогреть аккаунт, можно начать вести новые аккаунты, да и просто закупиться нужными товарами для себя.
Гайд как раскрутить авито :"
32596,2026-06-09,Лонгслив Acne Studios,Acne Studios,Longsleeve,1300.0,—,1,"Размерный ряд: S, M , L, XL, 2XL
Материал - хлопок
Отправка из Москвы
КАТАЛОГ И УСЛОВИЯ В ЗАКРЕПЕ КАНАЛА"
32585,2026-06-09,Лонгслив Bape,BAPE,Longsleeve,1300.0,—,1,"Размерный ряд: S, M , L, XL, 2XL
Материал - хлопок
Отправка из Москвы
КАТАЛОГ И УСЛОВИЯ В ЗАКРЕПЕ КАНАЛА"
32584,2026-06-09,Всем привет 👋🏼,Other,Other,0.0,—,1,"Сегодня на любой оптовый заказ от 10.000₽ кладем подарок и делаем бесплатную доставку 🎁
Весь наш ассортимент можно приобрести сборным оптом"
32571,2026-06-08,Лонгслив Y-3,Other,Longsleeve,1300.0,—,1,"Размерный ряд: S, M , L, XL, 2XL
Материал - хлопок
Отправка из Москвы
КАТАЛОГ И УСЛОВИЯ В ЗАКРЕПЕ КАНАЛА"
32560,2026-06-07,Рубашка поло Bape,BAPE,Tee,1300.0,—,1,"Размерный ряд: S, M , L, XL, 2XL
Материал - хлопок
Отправка из Москвы
КАТАЛОГ И УСЛОВИЯ В ЗАКРЕПЕ КАНАЛА"
32552,2026-06-07,Рубашка поло Bape,BAPE,Tee,1300.0,—,1,"Размерный ряд: S, M , L, XL, 2XL
Материал - хлопок
Отправка из Москвы
КАТАЛОГ И УСЛОВИЯ В ЗАКРЕПЕ КАНАЛА"
32545,2026-06-07,Рубашка поло Comme des Garçons,Other,Tee,1300.0,—,1,"Размерный ряд: S, M , L, XL, 2XL
Материал - хлопок
Отправка из Москвы
КАТАЛОГ И УСЛОВИЯ В ЗАКРЕПЕ КАНАЛА"
32537,2026-06-07,Рубашка поло Comme des Garçons,Other,Tee,1300.0,—,1,"Размерный ряд: S, M , L, XL, 2XL
Материал - хлопок
Отправка из Москвы
КАТАЛОГ И УСЛОВИЯ В ЗАКРЕПЕ КАНАЛА"
32529,2026-06-07,Рубашка поло Comme des Garçons,Other,Tee,1300.0,—,1,"Размерный ряд: S, M , L, XL, 2XL
Материал - хлопок
Отправка из Москвы
КАТАЛОГ И УСЛОВИЯ В ЗАКРЕПЕ КАНАЛА"
32519,2026-06-06,Футболка Skims Chanel,Other,Tee,1300.0,—,1,"Размерный ряд: S, M , L, XL, 2XL
Материал - хлопок/вискоза
Отправка из Москвы
КАТАЛОГ И УСЛОВИЯ В ЗАКРЕПЕ КАНАЛА"
32509,2026-06-06,Футболка Skims Chanel,Other,Tee,1300.0,—,1,"Размерный ряд: S, M , L, XL, 2XL
Материал - хлопок/вискоза
Отправка из Москвы
КАТАЛОГ И УСЛОВИЯ В ЗАКРЕПЕ КАНАЛА"
32500,2026-06-06,Футболка Maison Margiela,Other,Tee,1000.0,—,1,"Размерный ряд: S, M , L, XL, 2XL
Материал - хлопок
Отправка из Москвы
КАТАЛОГ И УСЛОВИЯ В ЗАКРЕПЕ КАНАЛА"
32493,2026-06-06,Футболка Supreme,Other,Tee,1000.0,—,1,"Размерный ряд: S, M , L, XL, 2XL
Материал - хлопок
Отправка из Москвы
КАТАЛОГ И УСЛОВИЯ В ЗАКРЕПЕ КАНАЛА"
32482,2026-06-06,Футболка Supreme,Other,Tee,1000.0,—,1,"Размерный ряд: S, M , L, XL, 2XL
Материал - хлопок
Отправка из Москвы
КАТАЛОГ И УСЛОВИЯ В ЗАКРЕПЕ КАНАЛА"
32475,2026-06-05,РАСПРОДАЖА ЛОНГИ,Corteiz,Longsleeve,1000.0,—,1,"Цена не 1000₽, как сказано в видео, а всего лишь 900₽ шт!
Лонгслив Y-3 Mastermind M
Лонгслив Corteiz M
Лонгслив Martine Rose XL"
32474,2026-06-05,РАСПРОДАЖА ПО ФУТБОЛКАМ,Corteiz,Tee,700.0,—,1,"ЦЕНА - 700₽ за любую из моделей
-Футболка Balenciaga M
-Футболка Acne Studios M
-Футболка FOG NBA L"
32462,2026-06-04,Футболка Bape Mastermind,BAPE,Tee,1000.0,—,1,"Размерный ряд: S, M , L, XL, 2XL
Материал - хлопок
Отправка из Москвы
КАТАЛОГ И УСЛОВИЯ В ЗАКРЕПЕ КАНАЛА"
32454,2026-06-04,Футболка Yohji Yamamoto,Other,Tee,1000.0,—,1,"Размерный ряд: S, M , L, XL, 2XL
Материал - хлопок
Отправка из Москвы
КАТАЛОГ И УСЛОВИЯ В ЗАКРЕПЕ КАНАЛА"
32451,2026-06-04,Без слов 🤫,Other,Other,1000.0,—,1,"Товаров много не бывает, объявлений тоже много не бывает и категорий товаров много не бывает ✌🏻
Цены на товары ниже плинтуса, а минимальный ОПТОВЫЙ ЗАКАЗ 1000₽
Посмотреть новый оптовый магаз"
32450,2026-06-04,"Краткий обзор того, что вы получаете всего за 1250₽ 🤯",Other,Other,1250.0,—,1,
32448,2026-06-04,РАСПРОДАЖА С ПОЛУЗАМКАМИ,Valentino,Hoodie,1250.0,—,1,"Старые цены:
Опт 1750
Дроп 2100
Цена СЕЙЧАС поштучно:"
32442,2026-06-04,РАСПРОДАЖА С ХУДИ,Balenciaga,Hoodie,1400.0,—,1,"Старые цены:
Опт 1800-1850
Дроп 2300-2700
Цена СЕЙЧАС поштучно:"
32428,2026-06-02,Футболка Maison Margiela BAPE,BAPE,Tee,1100.0,—,1,"Размерный ряд: S, M , L, XL, 2XL
Материал - хлопок
Отправка из Москвы
КАТАЛОГ И УСЛОВИЯ В ЗАКРЕПЕ КАНАЛА"
32418,2026-06-02,Футболка Champion,Champion,Tee,1000.0,—,1,"Размерный ряд: S, M , L, XL, 2XL
Материал - хлопок
Отправка из Москвы
КАТАЛОГ И УСЛОВИЯ В ЗАКРЕПЕ КАНАЛА"
32408,2026-06-02,Футболка Gucci,Gucci,Tee,1100.0,—,1,"Размерный ряд: S, M , L, XL, 2XL
Материал - хлопок
Отправка из Москвы
КАТАЛОГ И УСЛОВИЯ В ЗАКРЕПЕ КАНАЛА"
32406,2026-06-01,ПРИЕХАЛИ ЖЕНСКИЕ ФУТБОЛКИ,Other,Tee,1000.0,—,1,"С фабрики прислали тестово 30 женских футболок skims от бренда Chanel
Сразу открываем для вас складчину 🔥
Можно взять оптом от 10 штук всего по 1000₽
Как только в складчине набирается 30 штук — закрываем складчину и отправляем посылки"
32396,2026-06-01,Майка Bape Adidas,Adidas,Other,1000.0,—,1,"Размерный ряд: S, M , L, XL, 2XL
Материал - хлопок
Отправка из Москвы
КАТАЛОГ И УСЛОВИЯ В ЗАКРЕПЕ КАНАЛА"
32384,2026-06-01,Майка BAPE Baby Milo Garfield,BAPE,Other,1000.0,—,1,"Размерный ряд: S, M , L, XL, 2XL
Материал - хлопок
Отправка из Москвы
КАТАЛОГ И УСЛОВИЯ В ЗАКРЕПЕ КАНАЛА"
32374,2026-06-01,Футболка BAPE SpongeBob,BAPE,Tee,1250.0,—,1,"Размерный ряд: S, M , L, XL, 2XL
Материал - хлопок
Отправка из Москвы
КАТАЛОГ И УСЛОВИЯ В ЗАКРЕПЕ КАНАЛА"
32363,2026-05-31,Футболка Maison Margiela BAPE,BAPE,Tee,1250.0,—,1,"Размерный ряд: S, M , L, XL, 2XL
Материал - хлопок
Отправка из Москвы
КАТАЛОГ И УСЛОВИЯ В ЗАКРЕПЕ КАНАЛА"
32353,2026-05-31,Футболка BAPE Baby Milo,BAPE,Tee,1250.0,—,1,"Размерный ряд: S, M , L, XL, 2XL
Материал - хлопок
Отправка из Москвы
КАТАЛОГ И УСЛОВИЯ В ЗАКРЕПЕ КАНАЛА"
32342,2026-05-30,Майка Bape Baby Milo,BAPE,Other,1000.0,—,1,"Размерный ряд: S, M , L, XL, 2XL
Материал - хлопок
Отправка из Москвы
КАТАЛОГ И УСЛОВИЯ В ЗАКРЕПЕ КАНАЛА"
32340,2026-05-30,Заказать оптом с бесплатной доставкой всего по 800₽,Other,Other,800.0,—,1,У менеджера @optobazaSAINTp
32327,2026-05-30,Майка BAPE Baby Milo,BAPE,Other,1000.0,—,1,"Размерный ряд: S, M , L, XL, 2XL
Материал - хлопок
Отправка из Москвы
КАТАЛОГ И УСЛОВИЯ В ЗАКРЕПЕ КАНАЛА"
32312,2026-05-29,Майка Bape Baby Milo,BAPE,Other,1000.0,—,1,"Размерный ряд: S, M , L, XL, 2XL
Материал - хлопок
Отправка из Москвы
КАТАЛОГ И УСЛОВИЯ В ЗАКРЕПЕ КАНАЛА"
32300,2026-05-29,Майка BAPE Baby Milo Garfield,BAPE,Other,1000.0,—,1,"Размерный ряд: S, M , L, XL, 2XL
Материал - хлопок
Отправка из Москвы
КАТАЛОГ И УСЛОВИЯ В ЗАКРЕПЕ КАНАЛА"
32290,2026-05-29,Майка Bape Adidas,Adidas,Other,1000.0,—,1,"Размерный ряд: S, M , L, XL, 2XL
Материал - хлопок
Отправка из Москвы
КАТАЛОГ И УСЛОВИЯ В ЗАКРЕПЕ КАНАЛА"
32279,2026-05-28,Футболка BAPE SpongeBob,BAPE,Tee,1250.0,—,1,"Размерный ряд: S, M , L, XL, 2XL
Материал - хлопок
Отправка из Москвы
КАТАЛОГ И УСЛОВИЯ В ЗАКРЕПЕ КАНАЛА"
32269,2026-05-28,Майка Bape Adidas,Adidas,Other,1000.0,—,1,"Размерный ряд: S, M , L, XL, 2XL
Материал - хлопок
Отправка из Москвы
КАТАЛОГ И УСЛОВИЯ В ЗАКРЕПЕ КАНАЛА"
32259,2026-05-28,Майка BAPE Baby Milo Garfield,BAPE,Other,1000.0,—,1,"Размерный ряд: S, M , L, XL, 2XL
Материал - хлопок
Отправка из Москвы
КАТАЛОГ И УСЛОВИЯ В ЗАКРЕПЕ КАНАЛА"
32249,2026-05-28,Майка BAPE Sakura,BAPE,Other,1000.0,—,1,"Размерный ряд: S, M , L, XL, 2XL
Материал - хлопок
Отправка из Москвы
КАТАЛОГ И УСЛОВИЯ В ЗАКРЕПЕ КАНАЛА"
32239,2026-05-27,Футболка BAPE Baby Milo,BAPE,Tee,1250.0,—,1,"Размерный ряд: S, M , L, XL, 2XL
Материал - хлопок
Отправка из Москвы
КАТАЛОГ И УСЛОВИЯ В ЗАКРЕПЕ КАНАЛА"
32228,2026-05-27,Футболка Maison Margiela BAPE,BAPE,Tee,1250.0,—,1,"Размерный ряд: S, M , L, XL, 2XL
Материал - хлопок
Отправка из Москвы
КАТАЛОГ И УСЛОВИЯ В ЗАКРЕПЕ КАНАЛА"
32227,2026-05-27,ЖАРКОЕ ЛЕТО СОВСЕМ СКОРО! 🔥,Other,Other,1000.0,—,1,"А мы помимо футболок подготовили для вас еще кое-что крутое!
Именно майки!
Цена от одной штуки ВСЕГО 1000₽
А оптовая цена еще ниже💪"
32220,2026-05-27,Майка BAPE Baby Milo,BAPE,Other,1000.0,—,1,"Размерный ряд: S, M , L, XL, 2XL
Материал - хлопок
Отправка из Москвы
КАТАЛОГ И УСЛОВИЯ В ЗАКРЕПЕ КАНАЛА"
32214,2026-05-27,Майка BAPE Baby Milo Garfield,BAPE,Other,1000.0,—,1,"Размерный ряд: S, M , L, XL, 2XL
Материал - хлопок
Отправка из Москвы
КАТАЛОГ И УСЛОВИЯ В ЗАКРЕПЕ КАНАЛА"
32208,2026-05-27,Майка Bape Adidas,Adidas,Other,1000.0,—,1,"Размерный ряд: S, M , L, XL, 2XL
Материал - хлопок
Отправка из Москвы
КАТАЛОГ И УСЛОВИЯ В ЗАКРЕПЕ КАНАЛА"
32202,2026-05-26,Майка BAPE Sakura,BAPE,Other,1000.0,—,1,"Размерный ряд: S, M , L, XL, 2XL
Материал - хлопок
Отправка из Москвы
КАТАЛОГ И УСЛОВИЯ В ЗАКРЕПЕ КАНАЛА"
32195,2026-05-26,Футболка BAPE Baby Milo,BAPE,Tee,1250.0,—,1,"Размерный ряд: S, M , L, XL, 2XL
Материал - хлопок
Отправка из Москвы
КАТАЛОГ И УСЛОВИЯ В ЗАКРЕПЕ КАНАЛА"
32189,2026-05-26,Футболка BAPE SpongeBob,BAPE,Tee,1250.0,—,1,"Размерный ряд: S, M , L, XL, 2XL
Материал - хлопок
Отправка из Москвы
КАТАЛОГ И УСЛОВИЯ В ЗАКРЕПЕ КАНАЛА"
32183,2026-05-26,Футболка Maison Margiela BAPE,BAPE,Tee,1250.0,—,1,"Размерный ряд: S, M , L, XL, 2XL
Материал - хлопок
Отправка из Москвы
КАТАЛОГ И УСЛОВИЯ В ЗАКРЕПЕ КАНАЛА"
32177,2026-05-25,Майка BAPE Baby Milo,BAPE,Other,1000.0,—,1,"Размерный ряд: S, M , L, XL, 2XL
Материал - хлопок
Отправка из Москвы
КАТАЛОГ И УСЛОВИЯ В ЗАКРЕПЕ КАНАЛА"
32170,2026-05-25,Майка BAPE Baby Milo Garfield,BAPE,Other,1000.0,—,1,"Размерный ряд: S, M , L, XL, 2XL
Материал - хлопок
Отправка из Москвы
КАТАЛОГ И УСЛОВИЯ В ЗАКРЕПЕ КАНАЛА"
32164,2026-05-25,Майка Bape Adidas,Adidas,Other,1000.0,—,1,"Размерный ряд: S, M , L, XL, 2XL
Материал - хлопок
Отправка из Москвы
КАТАЛОГ И УСЛОВИЯ В ЗАКРЕПЕ КАНАЛА"
32154,2026-05-25,Майка Bape Baby Milo,BAPE,Other,1000.0,—,1,"Размерный ряд: S, M , L, XL, 2XL
Материал - хлопок
Отправка из Москвы
КАТАЛОГ И УСЛОВИЯ В ЗАКРЕПЕ КАНАЛА"
32146,2026-05-25,Футболка Comme des Garçons Baby Milo,Other,Tee,1000.0,—,1,"Размерный ряд: S, M , L, XL, 2XL
Материал - хлопок
Отправка из Москвы
КАТАЛОГ И УСЛОВИЯ В ЗАКРЕПЕ КАНАЛА"
32139,2026-05-24,Футболка Comme des Garçons Baby Milo,Other,Tee,1000.0,—,1,"Размерный ряд: S, M , L, XL, 2XL
Материал - хлопок
Отправка из Москвы
КАТАЛОГ И УСЛОВИЯ В ЗАКРЕПЕ КАНАЛА"
32121,2026-05-22,Футболка Maison Margiela,Other,Tee,1000.0,—,1,"Размерный ряд: S, M , L, XL, 2XL
Материал - хлопок
Отправка из Москвы
КАТАЛОГ И УСЛОВИЯ В ЗАКРЕПЕ КАНАЛА"
32110,2026-05-21,Футболка Maison Margiela,Other,Tee,1000.0,—,1,"Размерный ряд: S, M , L, XL, 2XL
Материал - хлопок
Отправка из Москвы
КАТАЛОГ И УСЛОВИЯ В ЗАКРЕПЕ КАНАЛА"
32101,2026-05-21,Футболка Maison Margiela,Other,Tee,1000.0,—,1,"Размерный ряд: S, M , L, XL, 2XL
Материал - хлопок
Отправка из Москвы
КАТАЛОГ И УСЛОВИЯ В ЗАКРЕПЕ КАНАЛА"
32094,2026-05-21,Футболка Maison Margiela,Other,Tee,1000.0,—,1,"Размерный ряд: S, M , L, XL, 2XL
Материал - хлопок
Отправка из Москвы
КАТАЛОГ И УСЛОВИЯ В ЗАКРЕПЕ КАНАЛА"
32087,2026-05-21,Футболка Maison Margiela,Other,Tee,1000.0,—,1,"Размерный ряд: S, M , L, XL, 2XL
Материал - хлопок
Отправка из Москвы
КАТАЛОГ И УСЛОВИЯ В ЗАКРЕПЕ КАНАЛА"
32078,2026-05-20,Футболка Comme des Garçons,Other,Tee,1000.0,—,1,"Размерный ряд: S, M , L, XL, 2XL
Материал - хлопок
Отправка из Москвы
КАТАЛОГ И УСЛОВИЯ В ЗАКРЕПЕ КАНАЛА"
32070,2026-05-20,Футболка Comme des Garçons,Other,Tee,1000.0,—,1,"Размерный ряд: S, M , L, XL, 2XL
Материал - хлопок
Отправка из Москвы
КАТАЛОГ И УСЛОВИЯ В ЗАКРЕПЕ КАНАЛА"
32069,2026-05-20,"❗️ Друзья, делаем капитальное понижение цены на старые футболки ❗️",Other,Tee,1000.0,—,1,"На все старые можели по футболка дроп цена понижается до ВСЕГО 1000₽
Минимальную розничную цену тоже опускаем до 1500₽
Можно теперь выкладывать их ниже старой МРЦ
Оптовая цена каждой из этих моделей обсуждается с менеджером лично!"
32060,2026-05-20,Футболка Maison Margiela,Other,Tee,1500.0,—,1,"Размерный ряд: S, M , L, XL, 2XL
Материал - хлопок
Отправка из Москвы
КАТАЛОГ И УСЛОВИЯ В ЗАКРЕПЕ КАНАЛА"
32052,2026-05-20,Футболка Palace,Other,Tee,1500.0,—,1,"Размерный ряд: S, M , L, XL, 2XL
Материал - хлопок
Отправка из Москвы
КАТАЛОГ И УСЛОВИЯ В ЗАКРЕПЕ КАНАЛА"
32044,2026-05-19,Футболка Mastermind,Other,Tee,1500.0,—,1,"Размерный ряд: S, M , L, XL, 2XL
Материал - хлопок
Отправка из Москвы
КАТАЛОГ И УСЛОВИЯ В ЗАКРЕПЕ КАНАЛА"
32034,2026-05-19,Футболка Supreme,Other,Tee,1500.0,—,1,"Размерный ряд: S, M , L, XL, 2XL
Материал - хлопок
Отправка из Москвы
КАТАЛОГ И УСЛОВИЯ В ЗАКРЕПЕ КАНАЛА"
32023,2026-05-19,Футболка Acme De La Vie,Other,Tee,1400.0,—,1,"Размерный ряд: S, M , L, XL, 2XL
Материал - хлопок
Отправка из Москвы
КАТАЛОГ И УСЛОВИЯ В ЗАКРЕПЕ КАНАЛА"
32013,2026-05-19,Футболка Ralph Lauren,Other,Tee,1400.0,—,1,"Размерный ряд: S, M , L, XL, 2XL
Материал - хлопок
Отправка из Москвы
КАТАЛОГ И УСЛОВИЯ В ЗАКРЕПЕ КАНАЛА"
32000,2026-05-18,Лонгслив Saint Laurent,Saint Laurent,Longsleeve,1600.0,—,1,"Размерный ряд: S, M , L, XL, 2XL
Материал - хлопок
Отправка из Москвы
КАТАЛОГ И УСЛОВИЯ В ЗАКРЕПЕ КАНАЛА"
31990,2026-05-18,Футболка Supreme Drugs,Other,Tee,1400.0,—,1,"Размерный ряд: S, M , L, XL, 2XL
Материал - хлопок
Отправка из Москвы
КАТАЛОГ И УСЛОВИЯ В ЗАКРЕПЕ КАНАЛА"
31980,2026-05-18,Футболка Comme des Garçons Spring,Other,Tee,1400.0,—,1,"Размерный ряд: S, M , L, XL, 2XL
Материал - хлопок
Отправка из Москвы
КАТАЛОГ И УСЛОВИЯ В ЗАКРЕПЕ КАНАЛА"
31970,2026-05-18,Футболка Acme De La Vie,Other,Tee,1400.0,—,1,"Размерный ряд: S, M , L, XL, 2XL
Материал - хлопок
Отправка из Москвы
КАТАЛОГ И УСЛОВИЯ В ЗАКРЕПЕ КАНАЛА"
31960,2026-05-17,Футболка Comme des Garçons Spring,Other,Tee,1400.0,—,1,"Размерный ряд: S, M , L, XL, 2XL
Материал - хлопок
Отправка из Москвы
КАТАЛОГ И УСЛОВИЯ В ЗАКРЕПЕ КАНАЛА"
31950,2026-05-17,Футболка Acme De La Vie,Other,Tee,1400.0,—,1,"Размерный ряд: S, M , L, XL, 2XL
Материал - хлопок
Отправка из Москвы
КАТАЛОГ И УСЛОВИЯ В ЗАКРЕПЕ КАНАЛА"
31939,2026-05-16,Футболка Denim Tears,Other,Tee,1400.0,—,1,"Размерный ряд: S, M , L, XL, 2XL
Материал - хлопок
Отправка из Москвы
КАТАЛОГ И УСЛОВИЯ В ЗАКРЕПЕ КАНАЛА"
31929,2026-05-16,Футболка Supreme Maison Margiela,Other,Tee,1400.0,—,1,"Размерный ряд: S, M , L, XL, 2XL
Материал - хлопок
Отправка из Москвы
КАТАЛОГ И УСЛОВИЯ В ЗАКРЕПЕ КАНАЛА"
31919,2026-05-16,Футболка Saint Laurent,Saint Laurent,Tee,1400.0,—,1,"Размерный ряд: S, M , L, XL, 2XL
Материал - хлопок
Отправка из Москвы
КАТАЛОГ И УСЛОВИЯ В ЗАКРЕПЕ КАНАЛА"
31909,2026-05-16,Футболка Supreme,Other,Tee,1400.0,—,1,"Размерный ряд: S, M , L, XL, 2XL
Материал - хлопок
Отправка из Москвы
КАТАЛОГ И УСЛОВИЯ В ЗАКРЕПЕ КАНАЛА"
31903,2026-05-15,2 ХУДИ ПО ЦЕНЕ ОДНОГО,Other,Hoodie,2400.0,—,1,"Делаем акцию перед праздничными днями, чтобы пока праздники шли, к вам приехали уже худи
В боксе будут два худака рандомные из нашего ассортимента
ЦЕНА 2400₽
Успейте забирать, так как боксов небольшое количество"
31890,2026-05-15,Футболка поло Gucci,Gucci,Tee,1650.0,—,1,"Размерный ряд: S, M , L, XL, 2XL
Материал - хлопок
Отправка из Москвы
КАТАЛОГ И УСЛОВИЯ В ЗАКРЕПЕ КАНАЛА"
31880,2026-05-15,Футболка Ralph Lauren,Other,Tee,1400.0,—,1,"Размерный ряд: S, M , L, XL, 2XL
Материал - хлопок
Отправка из Москвы
КАТАЛОГ И УСЛОВИЯ В ЗАКРЕПЕ КАНАЛА"
31869,2026-05-14,Футболка Supreme,Other,Tee,1400.0,—,1,"Размерный ряд: S, M , L, XL, 2XL
Материал - хлопок
Отправка из Москвы
КАТАЛОГ И УСЛОВИЯ В ЗАКРЕПЕ КАНАЛА"
31859,2026-05-14,Футболка Comme des Garçons Spring,Other,Tee,1400.0,—,1,"Размерный ряд: S, M , L, XL, 2XL
Материал - хлопок
Отправка из Москвы
КАТАЛОГ И УСЛОВИЯ В ЗАКРЕПЕ КАНАЛА"
31849,2026-05-14,Лонгслив Saint Laurent,Saint Laurent,Longsleeve,1600.0,—,1,"Размерный ряд: S, M , L, XL, 2XL
Материал - хлопок
Отправка из Москвы
КАТАЛОГ И УСЛОВИЯ В ЗАКРЕПЕ КАНАЛА"
31839,2026-05-14,Футболка поло Gucci,Gucci,Tee,1650.0,—,1,"Размерный ряд: S, M , L, XL, 2XL
Материал - хлопок
Отправка из Москвы
КАТАЛОГ И УСЛОВИЯ В ЗАКРЕПЕ КАНАЛА"
31827,2026-05-13,Футболка Supreme Drugs,Other,Tee,1400.0,—,1,"Размерный ряд: S, M , L, XL, 2XL
Материал - хлопок
Отправка из Москвы
КАТАЛОГ И УСЛОВИЯ В ЗАКРЕПЕ КАНАЛА"
31817,2026-05-13,Футболка Supreme,Other,Tee,1400.0,—,1,"Размерный ряд: S, M , L, XL, 2XL
Материал - хлопок
Отправка из Москвы
КАТАЛОГ И УСЛОВИЯ В ЗАКРЕПЕ КАНАЛА"
31806,2026-05-13,Футболка Supreme Maison Margiela,Other,Tee,1400.0,—,1,"Размерный ряд: S, M , L, XL, 2XL
Материал - хлопок
Отправка из Москвы
КАТАЛОГ И УСЛОВИЯ В ЗАКРЕПЕ КАНАЛА"
31792,2026-05-12,Футболка Saint Laurent,Saint Laurent,Tee,1400.0,—,1,"Размерный ряд: S, M , L, XL, 2XL
Материал - хлопок
Отправка из Москвы
КАТАЛОГ И УСЛОВИЯ В ЗАКРЕПЕ КАНАЛА"
31782,2026-05-12,Футболка Denim Tears,Other,Tee,1400.0,—,1,"Размерный ряд: S, M , L, XL, 2XL
Материал - хлопок
Отправка из Москвы
КАТАЛОГ И УСЛОВИЯ В ЗАКРЕПЕ КАНАЛА"
31780,2026-05-12,РАСПРОДАЖА ПЕРЕД СЕЗОНОМ!,Other,Hoodie,1200.0,—,1,"Делаем распродажу, готовимся к новой поставке
Даем на товары из видео цены ниже опта!
• Худи 1200₽
• Лонгслив 900₽"
31770,2026-05-12,Футболка Ralph Lauren,Other,Tee,1400.0,—,1,"Размерный ряд: S, M , L, XL, 2XL
Материал - хлопок
Отправка из Москвы
КАТАЛОГ И УСЛОВИЯ В ЗАКРЕПЕ КАНАЛА"
31758,2026-05-11,Футболка Supreme,Other,Tee,1400.0,—,1,"Размерный ряд: S, M , L, XL, 2XL
Материал - хлопок
Отправка из Москвы
КАТАЛОГ И УСЛОВИЯ В ЗАКРЕПЕ КАНАЛА"
31748,2026-05-11,Футболка Supreme,Other,Tee,1400.0,—,1,"Размерный ряд: S, M , L, XL, 2XL
Материал - хлопок
Отправка из Москвы
КАТАЛОГ И УСЛОВИЯ В ЗАКРЕПЕ КАНАЛА"
31747,2026-05-11,СОБРАЛИ ЕЩЕ КОЕ-ЧТО ПОД РАСПРОДАЖУ,Corteiz,Hoodie,1200.0,—,1,"Тут уже делаем вам партию худи, немного свитшотов и полузамков
• Свитшот Mastermind 2xl
• Худи Supreme teddy M
• Худи Mastermind черный L"
31746,2026-05-11,СОБРАЛИ ЕЩЕ БОЛЬШЕЕ КОЛИЧЕСТВО НА РАСПРОДАЖУ,Corteiz,Longsleeve,900.0,—,1,"Тут уже делаем вам партию лонгсливов
• Martin Rose XL
• BAPE S
• Hysteric Glamour M"
31745,2026-05-11,ОСВОБОЖДАЕМ СКЛАД 🔥,Corteiz,Tee,700.0,—,1,"Уже скоро нагрянет летний сезон, и поставка с новинками под новый сезон уже в пути
Поэтому делаем тотальную распродажу по футболкам
• Maison Margiela черный М размер
• Maison Margiela белый М размер"
31735,2026-05-11,Футболка Comme des Garçons Spring,Other,Tee,1400.0,—,1,"Размерный ряд: S, M , L, XL, 2XL
Материал - хлопок
Отправка из Москвы
КАТАЛОГ И УСЛОВИЯ В ЗАКРЕПЕ КАНАЛА"
31730,2026-05-10,Лонгслив Saint Laurent,Saint Laurent,Longsleeve,1600.0,—,1,"Размерный ряд: S, M , L, XL, 2XL
Материал - хлопок
Отправка из Москвы
КАТАЛОГ И УСЛОВИЯ В ЗАКРЕПЕ КАНАЛА"
31726,2026-05-10,хочет работать по дропу без выкупа ?,Other,Other,3000.0,—,1,"Возьмем 3 человека
- Очень важно !
За такую услугу надо оплачивать подписку на Авито 3000₽ в месяц.
НАПИСАТЬ МЕНЕДЖЕРУ ЗАБРАТЬ МЕСТО"
31720,2026-05-10,Футболка Supreme,Other,Tee,1400.0,—,1,"Размерный ряд: S, M , L, XL, 2XL
Материал - хлопок
Отправка из Москвы
КАТАЛОГ И УСЛОВИЯ В ЗАКРЕПЕ КАНАЛА"
31710,2026-05-10,Футболка Comme des Garçons Spring,Other,Tee,1400.0,—,1,"Размерный ряд: S, M , L, XL, 2XL
Материал - хлопок
Отправка из Москвы
КАТАЛОГ И УСЛОВИЯ В ЗАКРЕПЕ КАНАЛА"
31700,2026-05-10,Футболка Acme De La Vie,Other,Tee,1400.0,—,1,"Размерный ряд: S, M , L, XL, 2XL
Материал - хлопок
Отправка из Москвы
КАТАЛОГ И УСЛОВИЯ В ЗАКРЕПЕ КАНАЛА"
31691,2026-05-08,Футболка Supreme Drugs,Other,Tee,1400.0,—,1,"Размерный ряд: S, M , L, XL, 2XL
Материал - хлопок
Отправка из Москвы
КАТАЛОГ И УСЛОВИЯ В ЗАКРЕПЕ КАНАЛА"
31682,2026-05-08,Футболка Supreme,Other,Tee,1400.0,—,1,"Размерный ряд: S, M , L, XL, 2XL
Материал - хлопок
Отправка из Москвы
КАТАЛОГ И УСЛОВИЯ В ЗАКРЕПЕ КАНАЛА"
31676,2026-05-08,Футболка Supreme Maison Margiela,Other,Tee,1400.0,—,1,"Размерный ряд: S, M , L, XL, 2XL
Материал - хлопок
Отправка из Москвы
КАТАЛОГ И УСЛОВИЯ В ЗАКРЕПЕ КАНАЛА"
31669,2026-05-07,Футболка Saint Laurent,Saint Laurent,Tee,1400.0,—,1,"Размерный ряд: S, M , L, XL, 2XL
Материал - хлопок
Отправка из Москвы
КАТАЛОГ И УСЛОВИЯ В ЗАКРЕПЕ КАНАЛА"
31661,2026-05-07,Футболка Denim Tears,Other,Tee,1400.0,—,1,"Размерный ряд: S, M , L, XL, 2XL
Материал - хлопок
Отправка из Москвы
КАТАЛОГ И УСЛОВИЯ В ЗАКРЕПЕ КАНАЛА"
31654,2026-05-07,ТУТ УЖЕ ДВА ЛОНГА ПО 300₽🔥,Other,Hoodie,300.0,—,1,"Ну тут ульта уже)
ЦЕНА БОКСА 3000₽
Акция идет до праздников
Грубо говоря вы берете худи закрытыми глазами по дроп цене и получаете еще два лонгслива по 300₽"
31642,2026-05-07,2 ХУДИ ПО ЦЕНЕ ОДНОГО,Other,Hoodie,2400.0,—,1,"Делаем акцию перед праздничными днями, чтобы пока праздники шли, к вам приехали уже худи
В боксе будут два худака рандомные из нашего ассортимента
ЦЕНА 2400₽
Успейте забирать, так как боксов небольшое количество"
31636,2026-05-07,Футболка Ralph Lauren,Other,Tee,1400.0,—,1,"Размерный ряд: S, M , L, XL, 2XL
Материал - хлопок
Отправка из Москвы
КАТАЛОГ И УСЛОВИЯ В ЗАКРЕПЕ КАНАЛА"
31630,2026-05-07,Футболка Supreme,Other,Tee,1400.0,—,1,"Размерный ряд: S, M , L, XL, 2XL
Материал - хлопок
Отправка из Москвы
КАТАЛОГ И УСЛОВИЯ В ЗАКРЕПЕ КАНАЛА"
31624,2026-05-06,Футболка Comme des Garocons,Other,Tee,1400.0,—,1,"SPRING/SUMMEF
Размерный ряд: S, M , L, XL, 2XL
Материал - хлопок
Отправка из Москвы"
31617,2026-05-06,Футболка Comme des Garocons,Other,Tee,1400.0,—,1,"SPRING/SUMMEF
Размерный ряд: S, M , L, XL, 2XL
Материал - хлопок
Отправка из Москвы"
31611,2026-05-06,Футболка Supreme,Other,Tee,1400.0,—,1,"Размерный ряд: S, M , L, XL, 2XL
Материал - хлопок
Отправка из Москвы
КАТАЛОГ И УСЛОВИЯ В ЗАКРЕПЕ КАНАЛА"
31596,2026-05-05,Футболка поло Gucci,Gucci,Tee,1650.0,—,1,"Размерный ряд: S, M , L, XL, 2XL
Материал - хлопок
Отправка из Москвы
КАТАЛОГ И УСЛОВИЯ В ЗАКРЕПЕ КАНАЛА"
31590,2026-05-05,Футболка Acme De La Vie,Other,Tee,1600.0,—,1,"Размерный ряд: S, M , L, XL, 2XL
Материал - хлопок
Отправка из Москвы
КАТАЛОГ И УСЛОВИЯ В ЗАКРЕПЕ КАНАЛА"
31583,2026-05-05,Футболка Supreme,Other,Tee,1400.0,—,1,"Размерный ряд: S, M , L, XL, 2XL
Материал - хлопок
Отправка из Москвы
КАТАЛОГ И УСЛОВИЯ В ЗАКРЕПЕ КАНАЛА"
31557,2026-05-04,Лонгслив Marcelo Burlon,Marcelo Burlon,Longsleeve,1700.0,—,1,"❤️Отправка из Москвы
КАТАЛОГ В ЗАКРЕПЕ
❤️Минимальный оптовый заказ - 5шт
❤️Размерный ряд  S, M, L, XL, 2XL"
31546,2026-05-03,Худи Undercover,Undercover,Hoodie,2500.0,—,1,"❤️Отправка из Москвы
❤️Минимальный оптовый заказ - упаковка
❤️Размерный ряд  S, M, L, XL, 2XL
❤️Материал - хлопок"
31536,2026-05-03,Худи Acme De La Vie,Other,Hoodie,2700.0,—,1,"❤️Отправка из Москвы
❤️Минимальный оптовый заказ - упаковка
❤️Размерный ряд  S, M, L, XL, 2XL
❤️Материал - хлопок"
31524,2026-05-02,Лонгслив Hysteric Glamour,Other,Longsleeve,1700.0,—,1,"❤️Отправка из Москвы
КАТАЛОГ В ЗАКРЕПЕ
❤️Минимальный оптовый заказ - 5шт
❤️Размерный ряд  S, M, L, XL, 2XL"
31512,2026-05-01,Футболка Balenciaga Germany Kisses,Balenciaga,Tee,1500.0,—,1,"❤️Отправка из Москвы
КАТАЛОГ В ЗАКРЕПЕ
❤️Минимальный оптовый заказ - 5шт
❤️Размерный ряд  S, M, L, XL, 2XL"
31499,2026-04-30,Лонгслив ERD,Other,Longsleeve,1700.0,—,1,"Размерный ряд: S, M , L, XL, 2XL
Материал - хлопок
Отправка из Москвы
КАТАЛОГ И УСЛОВИЯ В ЗАКРЕПЕ КАНАЛА"
31489,2026-04-30,Худи Y-3,Other,Hoodie,2400.0,—,1,"❤️Отправка из Москвы
❤️Минимальный оптовый заказ - упаковка
❤️Размерный ряд  S, M, L, XL, 2XL
❤️Материал - хлопок"
31461,2026-04-29,Худи Y-3,Other,Hoodie,2400.0,—,1,"❤️Отправка из Москвы
❤️Минимальный оптовый заказ - упаковка
❤️Размерный ряд  S, M, L, XL, 2XL
❤️Материал - хлопок"
31450,2026-04-29,Худи Comme des Garcons CDG,CDG,Hoodie,2400.0,—,1,"❤️Отправка из Москвы
❤️Минимальный оптовый заказ - упаковка
❤️Размерный ряд  S, M, L, XL, 2XL
❤️Материал - хлопок"
31443,2026-04-29,ЦЕНА 1000₽ ЗА ПОЗИЦИЮ🔥,Other,Other,1000.0,—,1,"Друзья, нам все чаще и чаще пишут об том, как получить доступ в закрытый канал
Делаем специально для вас бокс со стоимостью 5000₽
В боксе 5 шмоток (себестоимость каждой выходит 1000₽)
Там могут попасться позиции, которые в дропе у нас 2000₽"
31431,2026-04-28,Свитшот Y-3 Supreme,Other,Hoodie,2200.0,—,1,"❤️Отправка из Москвы
КАТАЛОГ В ЗАКРЕПЕ
❤️Минимальный оптовый заказ - 5шт
❤️Размерный ряд  S, M, L, XL, 2XL"
31421,2026-04-28,Лонгслив Yohji Yamamoto Y-3,Other,Longsleeve,1600.0,—,1,"❤️Отправка из Москвы
КАТАЛОГ В ЗАКРЕПЕ
❤️Минимальный оптовый заказ - 5шт
❤️Размерный ряд  S, M, L, XL, 2XL"
31411,2026-04-28,Худи Acme de la vie,Other,Hoodie,2700.0,—,1,"❤️Отправка из Москвы
❤️Минимальный оптовый заказ - упаковка
❤️Размерный ряд  S, M, L, XL, 2XL
❤️Материал - хлопок"
31400,2026-04-28,ДАЕМ ЕЩЕ КРУТОЙ БОКС С ФУТБОЛКАМИ В СЕТЬ🔥,Other,Tee,9000.0,—,1,"Совсем близко уже лето, а это значит, что пора продавать футболки!!
Объясняем выгодность данного бокса:
❤️Вы получаете 10 футболок которые в фото выше
❤️Размеры выбираете те, какие хотите"
31381,2026-04-27,БОКС ИЗ 2 ХУДИ ПО ЦЕНЕ ОДНОГО ХУДИ,Other,Hoodie,2600.0,—,1,"В боксе будут два худака рандомные из нашего ассортимента
ЦЕНА 2600₽
Успейте забирать, так как боксов небольшое количество
Забрать у @optobazaSAINTp"
31380,2026-04-27,КАК УВЕЛИЧИТЬ СРЕДНИЙ ЧЕК НА АВИТО,Other,Krossovki,1000.0,—,1,"Большинство продавцов на Авито сосредотачиваются только на поиске новых клиентов.
Но многие забывают делать доп продажи и подвигать средний чек
Представь, что ты продаешь один товар за 1000₽, а если продаешь два товара, уже получается 2000₽
Покупателей столько же, а выручка в два раза выше."
31367,2026-04-26,ЦЕНА 1000₽ ЗА ПОЗИЦИЮ🔥,Other,Other,1000.0,—,1,"Друзья, нам все чаще и чаще пишут об том, как получить доступ в закрытый канал
Делаем специально для вас бокс со стоимостью 5000₽
В боксе 5 шмоток (себестоимость каждой выходит 1000₽)
Там могут попасться позиции, которые в дропе у нас 2000₽"
31357,2026-04-25,Футболка Balenciaga Simpsons,Balenciaga,Tee,1500.0,—,1,"❤️Отправка из Москвы
КАТАЛОГ В ЗАКРЕПЕ
❤️Минимальный оптовый заказ - 5шт
❤️Размерный ряд  S, M, L, XL, 2XL"
31347,2026-04-25,Лонгслив Chrome Heart,Chrome Hearts,Longsleeve,1700.0,—,1,"❤️Отправка из Москвы
КАТАЛОГ В ЗАКРЕПЕ
❤️Минимальный оптовый заказ - 5шт
❤️Размерный ряд  S, M, L, XL, 2XL"
31324,2026-04-22,Лонгслив Corteiz,Corteiz,Longsleeve,1700.0,—,1,"❤️Отправка из Москвы
КАТАЛОГ В ЗАКРЕПЕ
❤️Минимальный оптовый заказ - 5шт
❤️Размерный ряд  S, M, L, XL, 2XL"
31314,2026-04-22,Футболка Balenciaga Germany Kisses,Balenciaga,Tee,1500.0,—,1,"❤️Отправка из Москвы
КАТАЛОГ В ЗАКРЕПЕ
❤️Минимальный оптовый заказ - 5шт
❤️Размерный ряд  S, M, L, XL, 2XL"
31299,2026-04-21,Лонгслив ERD,Other,Longsleeve,1700.0,—,1,"❤️Отправка из Москвы
КАТАЛОГ В ЗАКРЕПЕ
❤️Минимальный оптовый заказ - 5шт
❤️Размерный ряд  S, M, L, XL, 2XL"
31289,2026-04-21,Лонгслив Chrome Heart,Chrome Hearts,Longsleeve,1700.0,—,1,"❤️Отправка из Москвы
КАТАЛОГ В ЗАКРЕПЕ
❤️Минимальный оптовый заказ - 5шт
❤️Размерный ряд  S, M, L, XL, 2XL"
31278,2026-04-20,ЦЕНА 1000₽ ЗА ПОЗИЦИЮ🔥,Other,Other,1000.0,—,1,"Друзья, нам все чаще и чаще пишут об том, как получить доступ в закрытый канал
Делаем специально для вас бокс со стоимостью 5000₽
В боксе 5 шмоток (себестоимость каждой выходит 1000₽)
Там могут попасться позиции, которые в дропе у нас 2000₽"
31259,2026-04-19,Футболка Balenciaga Simpsons,Balenciaga,Tee,1500.0,—,1,"❤️Отправка из Москвы
КАТАЛОГ В ЗАКРЕПЕ
❤️Минимальный оптовый заказ - 5шт
❤️Размерный ряд  S, M, L, XL, 2XL"
31249,2026-04-19,Футболка Balenciaga Germany Kisses,Balenciaga,Tee,1500.0,—,1,"❤️Отправка из Москвы
КАТАЛОГ В ЗАКРЕПЕ
❤️Минимальный оптовый заказ - 5шт
❤️Размерный ряд  S, M, L, XL, 2XL"
31239,2026-04-19,Лонгслив Corteiz,Corteiz,Longsleeve,1700.0,—,1,"❤️Отправка из Москвы
КАТАЛОГ В ЗАКРЕПЕ
❤️Минимальный оптовый заказ - 5шт
❤️Размерный ряд  S, M, L, XL, 2XL"
31228,2026-04-18,Лонгслив ERD,Other,Longsleeve,1700.0,—,1,"❤️Отправка из Москвы
КАТАЛОГ В ЗАКРЕПЕ
❤️Минимальный оптовый заказ - 5шт
❤️Размерный ряд  S, M, L, XL, 2XL"
31217,2026-04-18,Лонгслив Hysteric Glamour,Other,Longsleeve,1700.0,—,1,"❤️Отправка из Москвы
КАТАЛОГ В ЗАКРЕПЕ
❤️Минимальный оптовый заказ - 5шт
❤️Размерный ряд  S, M, L, XL, 2XL"
31207,2026-04-18,Лонгслив Chrome Heart,Chrome Hearts,Longsleeve,1700.0,—,1,"❤️Отправка из Москвы
КАТАЛОГ В ЗАКРЕПЕ
❤️Минимальный оптовый заказ - 5шт
❤️Размерный ряд  S, M, L, XL, 2XL"
31187,2026-04-18,Худи Corteiz,Corteiz,Hoodie,2300.0,—,1,"❤️Отправка из Москвы
❤️Минимальный оптовый заказ - упаковка
❤️Размерный ряд  S, M, L, XL, 2XL
❤️Материал - хлопок"
31182,2026-04-17,РАСПРОДАЖА,Other,Hoodie,1800.0,—,1,"Отдаем два размера по оптовой цене
Худи Yohji Yamamoto
Размеры: L 2XL
Цена 1800₽ от одной штуки"
31138,2026-04-14,БОКС ИЗ 2 ХУДИ ПО ЦЕНЕ ОДНОГО ХУДИ,Other,Hoodie,2600.0,—,1,"В боксе будут два худака рандомные из нашего ассортимента
ЦЕНА 2600₽
Успейте забирать, так как боксов небольшое количество
Забрать у @optobazaSAINTp"
31137,2026-04-14,РАСПРОДАЖА,Other,Hoodie,1800.0,—,1,"Отдаем два размера по оптовой цене
Худи Yohji Yamamoto
Размеры: L 2XL
Цена 1800₽ от одной штуки"
31134,2026-04-13,КАК УВЕЛИЧИТЬ СРЕДНИЙ ЧЕК НА АВИТО,Other,Krossovki,1000.0,—,1,"Большинство продавцов на Авито сосредотачиваются только на поиске новых клиентов.
Но многие забывают делать доп продажи и подвигать средний чек
Представь, что ты продаешь один товар за 1000₽, а если продаешь два товара, уже получается 2000₽
Покупателей столько же, а выручка в два раза выше."
31107,2026-04-12,"Видим, как на авито просыпается интерес к футболкам даже в такую непогоду 🥶",Other,Tee,8000.0,—,1,"Даже старые модели начинают снова набирать обороты, поэтому делаем эту акцию еще раз!
10 ФУТБОЛОК НА ТВОЙ ВЫБОР ЗА 8000₽ из нашего ассортимента
Абсолютно любые модели, любые размеры и цвета
Сомневаешься в выборе - напиши нам, мы скинем хорошие варианты для продажи"
31102,2026-04-11,10 ЛОНГОВ НА ТВОЙ ВЫБОР ЗА 10.000₽ из нашего ассортимента,Other,Hoodie,0.0,—,1,"Абсолютно любые модели, любые размеры и цвета
Сомневаешься в выборе - напиши нам, мы скинем хорошие варианты для продажи
Также к этому будем класть в подарок рандом худи
Считаем математику:"
31095,2026-04-11,РАСПРОДАЖА,Other,Longsleeve,1300.0,—,1,"Отдаем два размера по оптовой цене
Лонгслив Mastermind
Размеры: M M
Цена 1300₽ от одной штуки"
31091,2026-04-10,РАСПРОДАЖА,Other,Hoodie,1800.0,—,1,"Отдаем два размера по оптовой цене
Худи Supreme
Размеры: S 2XL
Цена 1800₽ от одной штуки"
31090,2026-04-10,РАСПРОДАЖА,Other,Other,1600.0,—,1,"Отдаем два размера по оптовой цене
Полузамок Yohji Yamamoto
Размеры: S M
Цена 1600₽ от одной штуки"
31059,2026-04-08,РАСПРОДАЖА,Other,Longsleeve,1300.0,—,1,"Отдаем два размера по оптовой цене
Лонгслив Mastermind
Размеры: M M
Цена 1300₽ от одной штуки"
31058,2026-04-08,РАСПРОДАЖА,Other,Hoodie,1800.0,—,1,"Отдаем два размера по оптовой цене
Худи Yohji Yamamoto
Размеры: L 2XL
Цена 1800₽ от одной штуки"
31057,2026-04-08,РАСПРОДАЖА,Other,Hoodie,1800.0,—,1,"Отдаем два размера по оптовой цене
Худи Yohji Yamamoto
Размеры: S M
Цена 1800₽ от одной штуки"
31056,2026-04-08,РАСПРОДАЖА,Other,Hoodie,1800.0,—,1,"Отдаем два размера по оптовой цене
Худи Supreme
Размеры: S 2XL
Цена 1800₽ от одной штуки"
31055,2026-04-08,РАСПРОДАЖА,Other,Other,1600.0,—,1,"Отдаем два размера по оптовой цене
Полузамок Yohji Yamamoto
Размеры: S M
Цена 1600₽ от одной штуки"
31049,2026-04-08,БОКС ИЗ 2 ХУДИ ПО ЦЕНЕ ОДНОГО ХУДИ,Other,Hoodie,2600.0,—,1,"В боксе будут два худака рандомные из нашего ассортимента
ЦЕНА 2600₽
Успейте забирать, так как боксов небольшое количество
Забрать у @optobazaSAINTp"
31034,2026-04-07,Лонгслив Gucci,Gucci,Longsleeve,1700.0,—,1,"❤️Отправка из Москвы
КАТАЛОГ В ЗАКРЕПЕ
❤️Минимальный оптовый заказ - 5шт
❤️Размерный ряд  S, M, L, XL, 2XL"
31024,2026-04-07,Лонгслив Gucci,Gucci,Longsleeve,1700.0,—,1,"❤️Отправка из Москвы
КАТАЛОГ В ЗАКРЕПЕ
❤️Минимальный оптовый заказ - 5шт
❤️Размерный ряд  S, M, L, XL, 2XL"
31013,2026-04-06,10 ФУТБОЛОК НА ТВОЙ ВЫБОР ЗА 8000₽ из нашего ассортимента,Other,Tee,8000.0,—,1,"Абсолютно любые модели, любые размеры и цвета
Сомневаешься в выборе - напиши нам, мы скинем хорошие варианты для продажи
Средняя оптовая цена на футболки - 1100₽
Сейчас ты можешь забрать их за 800₽ всего за 10шт!"
31009,2026-04-06,10 ЛОНГОВ НА ТВОЙ ВЫБОР ЗА 10.000₽ из нашего ассортимента,Other,Hoodie,0.0,—,1,"Абсолютно любые модели, любые размеры и цвета
Сомневаешься в выборе - напиши нам, мы скинем хорошие варианты для продажи
Также к этому будем класть в подарок рандом худи
Считаем математику:"
31002,2026-04-06,РАСПРОДАЖА🔥,Balenciaga,Hoodie,2400.0,—,1,"ОБЯЗАТЕЛЬНО К ПРОСМОТРУ
Худи Y-3 S
Худи Supreme S
Худи Denim Tears М"
30991,2026-04-05,Футболка Поло Corteiz,Corteiz,Tee,1750.0,—,1,"❤️Отправка из Москвы
❤️Минимальный оптовый заказ - упаковка
❤️Размерный ряд  S, M, L, XL, 2XL
❤️Материал - хлопок"
30981,2026-04-05,Футболка поло Gucci,Gucci,Tee,1750.0,—,1,"❤️Отправка из Москвы
❤️Минимальный оптовый заказ - упаковка
❤️Размерный ряд  S, M, L, XL, 2XL
❤️Материал - хлопок"
30970,2026-04-04,Лонгслив ERD,Other,Longsleeve,1700.0,—,1,"❤️Отправка из Москвы
КАТАЛОГ В ЗАКРЕПЕ
❤️Минимальный оптовый заказ - 5шт
❤️Размерный ряд  S, M, L, XL, 2XL"
30960,2026-04-04,Футболка Vetements,Other,Tee,1500.0,—,1,"❤️Отправка из Москвы
КАТАЛОГ В ЗАКРЕПЕ
❤️Минимальный оптовый заказ - 5шт
❤️Размерный ряд  S, M, L, XL, 2XL"
30935,2026-04-03,Лонгслив Chrome Heart,Chrome Hearts,Longsleeve,1700.0,—,1,"❤️Отправка из Москвы
КАТАЛОГ В ЗАКРЕПЕ
❤️Минимальный оптовый заказ - 5шт
❤️Размерный ряд  S, M, L, XL, 2XL"
30934,2026-04-03,РАСПРОДАЖА🔥,Balenciaga,Hoodie,2400.0,—,1,"ОБЯЗАТЕЛЬНО К ПРОСМОТРУ
Худи Y-3 S
Худи Supreme S
Худи Denim Tears М"
30924,2026-04-03,Лонгслив BAPE Baby Milo,BAPE,Longsleeve,1700.0,—,1,"❤️Отправка из Москвы
КАТАЛОГ В ЗАКРЕПЕ
❤️Минимальный оптовый заказ - 5шт
❤️Размерный ряд  S, M, L, XL, 2XL"
30914,2026-04-02,Лонгслив Givenchy,Givenchy,Longsleeve,1700.0,—,1,"❤️Отправка из Москвы
КАТАЛОГ В ЗАКРЕПЕ
❤️Минимальный оптовый заказ - 5шт
❤️Размерный ряд  S, M, L, XL, 2XL"
30904,2026-04-02,Худи Undercover,Undercover,Hoodie,2300.0,—,1,"❤️Отправка из Москвы
❤️Минимальный оптовый заказ - упаковка
❤️Размерный ряд  S, M, L, XL, 2XL
❤️Материал - хлопок"
30894,2026-04-02,Худи Gucci,Gucci,Hoodie,2300.0,—,1,"❤️Отправка из Москвы
❤️Минимальный оптовый заказ - упаковка
❤️Размерный ряд  S, M, L, XL, 2XL
❤️Материал - хлопок"
30882,2026-04-01,Худи Supreme,Other,Hoodie,2300.0,—,1,"❤️Отправка из Москвы
❤️Минимальный оптовый заказ - упаковка
❤️Размерный ряд  S, M, L, XL, 2XL
❤️Материал - хлопок"
30876,2026-04-01,Можно дропом от 1 штуки - 1000₽ за худи,Other,Hoodie,1000.0,—,1,У вас спина белая
30859,2026-04-01,🇨🇳 ОТКРЫВАЕМ СКЛАДЧИНУ,Other,Other,1600.0,—,1,"5 моделей, каждая в черном и белом цвете !
Ребята кто хочет взять менее 30 штук, специально для вас мы собираем общую группу на определеные модели, что бы фабрика смогла принять заказ.
ВСЕ  ПОЗИЦИИ С ПОСТА 1600₽
- Минимальный заказ от 15 штук"
30855,2026-04-01,РАСПРОДАЖА🔥,Balenciaga,Hoodie,2400.0,—,1,"ОБЯЗАТЕЛЬНО К ПРОСМОТРУ
Худи Y-3 S
Худи Supreme S
Худи Denim Tears М"
30830,2026-03-31,🇨🇳 ОТКРЫВАЕМ СКЛАДЧИНУ,Other,Other,1600.0,—,1,"5 моделей, каждая в черном и белом цвете !
Ребята кто хочет взять менее 30 штук, специально для вас мы собираем общую группу на определеные модели, что бы фабрика смогла принять заказ.
ВСЕ  ПОЗИЦИИ С ПОСТА 1600₽
- Минимальный заказ от 15 штук"
30818,2026-03-31,СДЕЛАЛИ ДЛЯ ВАС КОЕ-ЧТО ИНТЕРЕСНОЕ 😉,Other,Other,5000.0,—,1,"Собрали боксы по 2 позиции, а цена всего 2500
Но есть один момент :👇
В одном из боксов лежит сертификат на 5000 ₽
То есть ты просто открываешь бокс…"
30805,2026-03-30,Футболка поло Gucci,Gucci,Tee,1750.0,—,1,"❤️Отправка из Москвы
❤️Минимальный оптовый заказ - упаковка
❤️Размерный ряд  S, M, L, XL, 2XL
❤️Материал - хлопок"
30795,2026-03-30,Полузамок Yohji Yamamoto,Other,Other,2100.0,—,1,"❤️Отправка из Москвы
❤️Минимальный оптовый заказ - упаковка
❤️Размерный ряд  S, M, L, XL, 2XL
❤️Материал - хлопок"
30794,2026-03-30,КАК УВЕЛИЧИТЬ СРЕДНИЙ ЧЕК НА АВИТО,Other,Krossovki,1000.0,—,1,"Большинство продавцов на Авито сосредотачиваются только на поиске новых клиентов.
Но многие забывают делать доп продажи и подвигать средний чек
Представь, что ты продаешь один товар за 1000₽, а если продаешь два товара, уже получается 2000₽
Покупателей столько же, а выручка в два раза выше."
30781,2026-03-29,Лонгслив ERD,Other,Longsleeve,1700.0,—,1,"❤️Отправка из Москвы
КАТАЛОГ В ЗАКРЕПЕ
❤️Минимальный оптовый заказ - 5шт
❤️Размерный ряд  S, M, L, XL, 2XL"
30771,2026-03-29,Лонгслив BAPE Baby Milo,BAPE,Longsleeve,1700.0,—,1,"❤️Отправка из Москвы
КАТАЛОГ В ЗАКРЕПЕ
❤️Минимальный оптовый заказ - 5шт
❤️Размерный ряд  S, M, L, XL, 2XL"
30759,2026-03-29,Худи Philipp Plein,Other,Hoodie,2300.0,—,1,"❤️Отправка из Москвы
❤️Минимальный оптовый заказ - упаковка
❤️Размерный ряд  S, M, L, XL, 2XL
❤️Материал - хлопок"
30749,2026-03-28,Худи Supreme,Other,Hoodie,2300.0,—,1,"❤️Отправка из Москвы
❤️Минимальный оптовый заказ - упаковка
❤️Размерный ряд  S, M, L, XL, 2XL
❤️Материал - хлопок"
30738,2026-03-28,Лонгслив Chrome Heart,Chrome Hearts,Longsleeve,1700.0,—,1,"❤️Отправка из Москвы
КАТАЛОГ В ЗАКРЕПЕ
❤️Минимальный оптовый заказ - 5шт
❤️Размерный ряд  S, M, L, XL, 2XL"
30725,2026-03-27,Худи Undercover,Undercover,Hoodie,2300.0,—,1,"❤️Отправка из Москвы
❤️Минимальный оптовый заказ - упаковка
❤️Размерный ряд  S, M, L, XL, 2XL
❤️Материал - хлопок"
30722,2026-03-27,ПРЕДЛОЖЕНИЕ ДЛЯ ОПТОВИКОВ,Undercover,Hoodie,100.0,—,1,"Друзья, к сожалению худи Undercover и Supreme скоро закончатся
Но не расстраивайтесь, новая поставка уже в пути до нас!
❤️И специально для оптовиком 👇:
Делаем -100 рублей от опта по данным моделям"
30712,2026-03-27,Свитшот Gucci,Gucci,Hoodie,2000.0,—,1,"❤️Отправка из Москвы
КАТАЛОГ В ЗАКРЕПЕ
❤️Минимальный оптовый заказ - 5шт
❤️Размерный ряд  S, M, L, XL, 2XL"
30698,2026-03-26,Лонгслив Gucci,Gucci,Longsleeve,1700.0,—,1,"❤️Отправка из Москвы
КАТАЛОГ В ЗАКРЕПЕ
❤️Минимальный оптовый заказ - 5шт
❤️Размерный ряд  S, M, L, XL, 2XL"
30697,2026-03-26,КАК УВЕЛИЧИТЬ СРЕДНИЙ ЧЕК НА АВИТО,Other,Krossovki,1000.0,—,1,"Большинство продавцов на Авито сосредотачиваются только на поиске новых клиентов.
Но многие забывают делать доп продажи и подвигать средний чек
Представь, что ты продаешь один товар за 1000₽, а если продаешь два товара, уже получается 2000₽
Покупателей столько же, а выручка в два раза выше."
30687,2026-03-26,Лонгслив Gucci,Gucci,Longsleeve,1700.0,—,1,"❤️Отправка из Москвы
КАТАЛОГ В ЗАКРЕПЕ
❤️Минимальный оптовый заказ - 5шт
❤️Размерный ряд  S, M, L, XL, 2XL"
30673,2026-03-25,Худи Undercover,Undercover,Hoodie,2300.0,—,1,"❤️Отправка из Москвы
❤️Минимальный оптовый заказ - упаковка
❤️Размерный ряд  S, M, L, XL, 2XL
❤️Материал - хлопок"
30663,2026-03-25,Футболка поло Gucci,Gucci,Tee,1750.0,—,1,"❤️Отправка из Москвы
❤️Минимальный оптовый заказ - упаковка
❤️Размерный ряд  S, M, L, XL, 2XL
❤️Материал - хлопок"
30641,2026-03-23,Футболка Поло Corteiz,Corteiz,Tee,1750.0,—,1,"❤️Отправка из Москвы
❤️Минимальный оптовый заказ - упаковка
❤️Размерный ряд  S, M, L, XL, 2XL
❤️Материал - хлопок"
30630,2026-03-23,Футболка поло Gucci,Gucci,Tee,1750.0,—,1,"❤️Отправка из Москвы
❤️Минимальный оптовый заказ - упаковка
❤️Размерный ряд  S, M, L, XL, 2XL
❤️Материал - хлопок"
30620,2026-03-23,Худи Supreme,Other,Hoodie,2300.0,—,1,"❤️Отправка из Москвы
❤️Минимальный оптовый заказ - упаковка
❤️Размерный ряд  S, M, L, XL, 2XL
❤️Материал - хлопок"
30610,2026-03-23,Худи Philipp Plein,Other,Hoodie,2300.0,—,1,"❤️Отправка из Москвы
❤️Минимальный оптовый заказ - упаковка
❤️Размерный ряд  S, M, L, XL, 2XL
❤️Материал - хлопок"
30609,2026-03-23,СДЕЛАЛИ ДЛЯ ВАС КОЕ-ЧТО ИНТЕРЕСНОЕ 😉,Other,Other,5000.0,—,1,"Собрали боксы по 2 позиции, а цена всего 2500
Но есть один момент :👇
В одном из боксов лежит сертификат на 5000 ₽
То есть ты просто открываешь бокс…"
30599,2026-03-23,Худи Undercover,Undercover,Hoodie,2300.0,—,1,"❤️Отправка из Москвы
❤️Минимальный оптовый заказ - упаковка
❤️Размерный ряд  S, M, L, XL, 2XL
❤️Материал - хлопок"
30588,2026-03-23,Худи Gucci,Gucci,Hoodie,2300.0,—,1,"❤️Отправка из Москвы
❤️Минимальный оптовый заказ - упаковка
❤️Размерный ряд  S, M, L, XL, 2XL
❤️Материал - хлопок"
30576,2026-03-22,Лонгслив Civenchy,Other,Longsleeve,1700.0,—,1,"❤️Отправка из Москвы
КАТАЛОГ В ЗАКРЕПЕ
❤️Минимальный оптовый заказ - 5шт
❤️Размерный ряд  S, M, L, XL, 2XL"
30566,2026-03-22,Лонгслив BAPE Baby Milo,BAPE,Longsleeve,1700.0,—,1,"❤️Отправка из Москвы
КАТАЛОГ В ЗАКРЕПЕ
❤️Минимальный оптовый заказ - 5шт
❤️Размерный ряд  S, M, L, XL, 2XL"
30556,2026-03-22,Свитшот Gucci,Gucci,Hoodie,2000.0,—,1,"❤️Отправка из Москвы
КАТАЛОГ В ЗАКРЕПЕ
❤️Минимальный оптовый заказ - 5шт
❤️Размерный ряд  S, M, L, XL, 2XL"
30546,2026-03-22,Лонгслив Chrome Heart,Chrome Hearts,Longsleeve,1700.0,—,1,"❤️Отправка из Москвы
КАТАЛОГ В ЗАКРЕПЕ
❤️Минимальный оптовый заказ - 5шт
❤️Размерный ряд  S, M, L, XL, 2XL"
30536,2026-03-22,Лонгслив Gucci,Gucci,Longsleeve,1700.0,—,1,"❤️Отправка из Москвы
КАТАЛОГ В ЗАКРЕПЕ
❤️Минимальный оптовый заказ - 5шт
❤️Размерный ряд  S, M, L, XL, 2XL"
30526,2026-03-22,Лонгслив Gucci,Gucci,Longsleeve,1700.0,—,1,"❤️Отправка из Москвы
КАТАЛОГ В ЗАКРЕПЕ
❤️Минимальный оптовый заказ - 5шт
❤️Размерный ряд  S, M, L, XL, 2XL"
30516,2026-03-22,Лонгслив ERD,Other,Longsleeve,1700.0,—,1,"❤️Отправка из Москвы
КАТАЛОГ В ЗАКРЕПЕ
❤️Минимальный оптовый заказ - 5шт
❤️Размерный ряд  S, M, L, XL, 2XL"
30514,2026-03-21,"Друзья, так же напоминаем, что у вас есть возможно получить 5000₽❗️",Other,Other,5000.0,—,1,
30503,2026-03-21,Худи Supreme,Other,Hoodie,2300.0,—,1,"❤️Отправка из Москвы
❤️Минимальный оптовый заказ - упаковка
❤️Размерный ряд  S, M, L, XL, 2XL
❤️Материал - хлопок"
30493,2026-03-21,Худи Undercover Horror,Undercover,Hoodie,2300.0,—,1,"❤️Отправка из Москвы
❤️Минимальный оптовый заказ - упаковка
❤️Размерный ряд  S, M, L, XL, 2XL
❤️Материал - хлопок"
30490,2026-03-20,ЦЕНА 1000₽ ЗА ПОЗИЦИЮ🔥,Other,Other,1000.0,—,1,"Друзья, нам все чаще и чаще пишут об том, как получить доступ в закрытый канал
Делаем специально для вас бокс со стоимостью 5000₽
В боксе 5 шмоток (себестоимость каждой выходит 1000₽)
Там могут попасться позиции, которые в дропе у нас 2000₽"
30489,2026-03-20,БОКС С ФУТБОЛКАМИ,Other,Tee,1100.0,—,1,"Vetements черный цвет L размер
Supreme черный цвет L размер
Supreme белый цвет М размер
Оптовая цена на них 1100₽ от 5 штук"
30483,2026-03-20,СДЕЛАЛИ ДЛЯ ВАС КОЕ-ЧТО ИНТЕРЕСНОЕ 😉,Other,Other,5000.0,—,1,"Собрали боксы по 2 позиции, а цена всего 2500
Но есть один момент :👇
В одном из боксов лежит сертификат на 5000 ₽
То есть ты просто открываешь бокс…"
30466,2026-03-19,Лонгслив Martine Rose,Other,Longsleeve,1700.0,—,1,"❤️Отправка из Москвы
КАТАЛОГ В ЗАКРЕПЕ
❤️Минимальный оптовый заказ - 5шт
❤️Размерный ряд  S, M, L, XL, 2XL"
30456,2026-03-19,Лонгслив Marcelo Burlon,Marcelo Burlon,Longsleeve,1700.0,—,1,"❤️Отправка из Москвы
КАТАЛОГ В ЗАКРЕПЕ
❤️Минимальный оптовый заказ - 5шт
❤️Размерный ряд  S, M, L, XL, 2XL"
30446,2026-03-19,Худи Vetements,Other,Hoodie,2300.0,—,1,"❤️Отправка из Москвы
❤️Минимальный оптовый заказ - упаковка
❤️Размерный ряд  S, M, L, XL, 2XL
❤️Материал - хлопок"
30436,2026-03-18,ДАЕМ ЕЩЕ КРУТОЙ БОКС С ФУТБОЛКАМИ В СЕТЬ🔥,Other,Tee,9000.0,—,1,"Совсем близко уже лето, а это значит, что пора продавать футболки!!
Объясняем выгодность данного бокса:
❤️Вы получаете 10 футболок которые в фото выше
❤️Размеры выбираете те, какие хотите"
30418,2026-03-18,Худи Y-3,Other,Hoodie,2400.0,—,1,"❤️Отправка из Москвы
❤️Минимальный оптовый заказ - упаковка
❤️Размерный ряд  S, M, L, XL, 2XL
❤️Материал - хлопок"
30403,2026-03-17,Худи Acme de la vie,Other,Hoodie,2700.0,—,1,"❤️Отправка из Москвы
❤️Минимальный оптовый заказ - упаковка
❤️Размерный ряд  S, M, L, XL, 2XL
❤️Материал - хлопок"
30392,2026-03-17,Худи Undercover Horror,Undercover,Hoodie,2300.0,—,1,"❤️Отправка из Москвы
❤️Минимальный оптовый заказ - упаковка
❤️Размерный ряд  S, M, L, XL, 2XL
❤️Материал - хлопок"
30389,2026-03-16,БОКС С ФУТБОЛКАМИ,Other,Tee,1100.0,—,1,"Vetements черный цвет L размер
Supreme черный цвет L размер
Supreme белый цвет М размер
Оптовая цена на них 1100₽ от 5 штук"
30377,2026-03-15,ДАЕМ ЕЩЕ КРУТОЙ БОКС С ФУТБОЛКАМИ В СЕТЬ🔥,Other,Tee,9000.0,—,1,"Совсем близко уже лето, а это значит, что пора продавать футболки!!
Объясняем выгодность данного бокса:
❤️Вы получаете 10 футболок которые в фото выше
❤️Размеры выбираете те, какие хотите"
30376,2026-03-15,БОКС ВСЕГО ЗА 1000₽ 👈,Other,Tee,1000.0,—,1,"ФУТБОЛКА И ШОРТЫ ПО ЦЕНЕ СТАКАНЧИКА КОФЕ!!
В боксе гарантировано лежат шорты и футболка
В видео показали какие могут попасться вам в боксе
Боксов не очень много"
30365,2026-03-15,Худи Balenciaga,Balenciaga,Hoodie,2300.0,—,1,"❤️Отправка из Москвы
❤️Минимальный оптовый заказ - упаковка
❤️Размерный ряд  S, M, L, XL, 2XL
❤️Материал - хлопок"
30355,2026-03-15,Худи Supreme,Other,Hoodie,2300.0,—,1,"❤️Отправка из Москвы
❤️Минимальный оптовый заказ - упаковка
❤️Размерный ряд  S, M, L, XL, 2XL
❤️Материал - хлопок"
30345,2026-03-14,Худи Vetements,Other,Hoodie,2300.0,—,1,"❤️Отправка из Москвы
❤️Минимальный оптовый заказ - упаковка
❤️Размерный ряд  S, M, L, XL, 2XL
❤️Материал - хлопок"
30335,2026-03-14,Свитшот BAPE,BAPE,Hoodie,2000.0,—,1,"❤️Отправка из Москвы
КАТАЛОГ В ЗАКРЕПЕ
❤️Минимальный оптовый заказ - 5шт
❤️Размерный ряд  S, M, L, XL, 2XL"
30314,2026-03-13,Худи Yohji Yamamoto,Other,Hoodie,2300.0,—,1,"❤️Отправка из Москвы
❤️Минимальный оптовый заказ - упаковка
❤️Размерный ряд  S, M, L, XL, 2XL
❤️Материал - хлопок"
30300,2026-03-12,Худи Undercover Horror,Undercover,Hoodie,2300.0,—,1,"❤️Отправка из Москвы
❤️Минимальный оптовый заказ - упаковка
❤️Размерный ряд  S, M, L, XL, 2XL
❤️Материал - хлопок"
30290,2026-03-12,Худи Mastermind,Other,Hoodie,2300.0,—,1,"❤️Отправка из Москвы
❤️Минимальный оптовый заказ - упаковка
❤️Размерный ряд  S, M, L, XL, 2XL
❤️Материал - хлопок"
30273,2026-03-12,Футболка Yohji Yamamoto,Other,Tee,1600.0,—,1,"❤️Отправка из Москвы
КАТАЛОГ В ЗАКРЕПЕ
❤️Минимальный оптовый заказ - 5шт
❤️Размерный ряд  XS, S, M, L, XL, 2XL"
30271,2026-03-11,БОКС С ФУТБОЛКАМИ,Other,Tee,1100.0,—,1,"Vetements черный цвет L размер
Supreme черный цвет L размер
Supreme белый цвет М размер
Оптовая цена на них 1100₽ от 5 штук"
30261,2026-03-11,Худи Supreme,Other,Hoodie,2300.0,—,1,"❤️Отправка из Москвы
❤️Минимальный оптовый заказ - упаковка
❤️Размерный ряд  S, M, L, XL, 2XL
❤️Материал - хлопок"
30250,2026-03-11,Лонгслив Vetements,Other,Longsleeve,1700.0,—,1,"❤️Отправка из Москвы
КАТАЛОГ В ЗАКРЕПЕ
❤️Минимальный оптовый заказ - 5шт
❤️Размерный ряд  S, M, L, XL, 2XL"
30236,2026-03-10,Лонгслив Martine Rose,Other,Longsleeve,1700.0,—,1,"❤️Отправка из Москвы
КАТАЛОГ В ЗАКРЕПЕ
❤️Минимальный оптовый заказ - 5шт
❤️Размерный ряд  S, M, L, XL, 2XL"
30225,2026-03-10,Полузамок Yohji Yamamoto,Other,Other,2100.0,—,1,"❤️Отправка из Москвы
❤️Минимальный оптовый заказ - упаковка
❤️Размерный ряд  S, M, L, XL, 2XL
❤️Материал - хлопок"
30214,2026-03-10,Худи Supreme,Other,Hoodie,2300.0,—,1,"❤️Отправка из Москвы
❤️Минимальный оптовый заказ - упаковка
❤️Размерный ряд  S, M, L, XL, 2XL
❤️Материал - хлопок"
30197,2026-03-09,Худи Supreme,Other,Hoodie,2300.0,—,1,"❤️Отправка из Москвы
❤️Минимальный оптовый заказ - упаковка
❤️Размерный ряд  S, M, L, XL, 2XL
❤️Материал - хлопок"
30196,2026-03-09,ВРЕМЕННОЕ ПОНИЖЕНИЕ ЦЕНЫ НА ЛУЧШИЕ ХУДИ,Undercover,Hoodie,1700.0,—,1,"Заказ от одной штуки!!
Худи Supreme Бордовый L размер
Худи Supreme Бордовый S размер
Худи Undercover Белый М размер"
30195,2026-03-09,БОКС С ФУТБОЛКАМИ,Other,Tee,1100.0,—,1,"Vetements черный цвет L размер
Supreme черный цвет L размер
Supreme белый цвет М размер
Оптовая цена на них 1100₽ от 5 штук"
30185,2026-03-09,Худи Vetements,Other,Hoodie,2300.0,—,1,"❤️Отправка из Москвы
❤️Минимальный оптовый заказ - упаковка
❤️Размерный ряд  S, M, L, XL, 2XL
❤️Материал - хлопок"
30175,2026-03-08,Худи Yohji Yamamoto,Other,Hoodie,2300.0,—,1,"❤️Отправка из Москвы
❤️Минимальный оптовый заказ - упаковка
❤️Размерный ряд  S, M, L, XL, 2XL
❤️Материал - хлопок"
30164,2026-03-07,Худи Undercover Horror,Undercover,Hoodie,2300.0,—,1,"❤️Отправка из Москвы
❤️Минимальный оптовый заказ - упаковка
❤️Размерный ряд  S, M, L, XL, 2XL
❤️Материал - хлопок"
30154,2026-03-07,Худи Undercover Horror,Undercover,Hoodie,2300.0,—,1,"❤️Отправка из Москвы
❤️Минимальный оптовый заказ - упаковка
❤️Размерный ряд  S, M, L, XL, 2XL
❤️Материал - хлопок"
30153,2026-03-07,БОКС С ЛОНГСЛИВАМИ,Other,Longsleeve,1300.0,—,1,"Лонгслив Y-3 S размер 2 штуки
Лонгслив Maison Margiela L размер 2 штуки
Лонгслив Mastermind Madonna 2ХЛ размер 1 штука
Цена по опту от 5 штук по 1300р"
30152,2026-03-07,БОКС С ФУТБОЛКАМИ,Other,Tee,1100.0,—,1,"Vetements черный цвет L размер
Supreme черный цвет L размер
Supreme белый цвет М размер
Оптовая цена на них 1100₽ от 5 штук"
30138,2026-03-05,Худи Supreme,Other,Hoodie,2500.0,—,1,"❤️Отправка из Москвы
❤️Минимальный оптовый заказ - упаковка
❤️Размерный ряд  S, M, L, XL, 2XL
❤️Материал - хлопок"
30128,2026-03-05,Худи Y-3,Other,Hoodie,2400.0,—,1,"❤️Отправка из Москвы
❤️Минимальный оптовый заказ - упаковка
❤️Размерный ряд  S, M, L, XL, 2XL
❤️Материал - хлопок"
30116,2026-03-03,Футболка Denim Tears,Other,Tee,1600.0,—,1,"❤️Отправка из Москвы
КАТАЛОГ В ЗАКРЕПЕ
❤️Минимальный оптовый заказ - 5шт
❤️Размерный ряд  S, M, L, XL, 2XL"
30106,2026-03-03,Свитшот BAPE,BAPE,Hoodie,2000.0,—,1,"❤️Отправка из Москвы
КАТАЛОГ В ЗАКРЕПЕ
❤️Минимальный оптовый заказ - 5шт
❤️Размерный ряд  S, M, L, XL, 2XL"
30096,2026-03-03,Худи Yohji Yamamoto,Other,Hoodie,2300.0,—,1,"❤️Отправка из Москвы
❤️Минимальный оптовый заказ - упаковка
❤️Размерный ряд  S, M, L, XL, 2XL
❤️Материал - хлопок"
30086,2026-03-03,Худи Acme De La Vie,Other,Hoodie,2700.0,—,1,"❤️Отправка из Москвы
❤️Минимальный оптовый заказ - упаковка
❤️Размерный ряд  S, M, L, XL, 2XL
❤️Материал - хлопок"
30076,2026-03-03,Худи 1017 ALYX 9SM,Other,Hoodie,2500.0,—,1,"❤️Отправка из Москвы
❤️Минимальный оптовый заказ - упаковка
❤️Размерный ряд  S, M, L, XL, 2XL
❤️Материал - хлопок"
30066,2026-03-03,Лонгслив Marcelo Burlon,Marcelo Burlon,Longsleeve,1700.0,—,1,"❤️Отправка из Москвы
КАТАЛОГ В ЗАКРЕПЕ
❤️Минимальный оптовый заказ - 5шт
❤️Размерный ряд  S, M, L, XL, 2XL"
30054,2026-03-02,Худи Supreme,Other,Hoodie,2300.0,—,1,"❤️Отправка из Москвы
❤️Минимальный оптовый заказ - упаковка
❤️Размерный ряд  S, M, L, XL, 2XL
❤️Материал - хлопок"
30044,2026-03-01,Худи Marcelo Burlon,Marcelo Burlon,Hoodie,2500.0,—,1,"❤️Отправка из Москвы
❤️Минимальный оптовый заказ - упаковка
❤️Размерный ряд  S, M, L, XL, 2XL
❤️Материал - хлопок"
30034,2026-02-28,Свитшот Palace,Other,Hoodie,2000.0,—,1,"❤️Отправка из Москвы
КАТАЛОГ В ЗАКРЕПЕ
❤️Минимальный оптовый заказ - 5шт
❤️Размерный ряд  S, M, L, XL, 2XL"
30024,2026-02-28,Худи Yohji Yamamoto,Other,Hoodie,2300.0,—,1,"❤️Отправка из Москвы
❤️Минимальный оптовый заказ - упаковка
❤️Размерный ряд  S, M, L, XL, 2XL
❤️Материал - хлопок"
30014,2026-02-28,Худи Supreme,Other,Hoodie,2300.0,—,1,"❤️Отправка из Москвы
❤️Минимальный оптовый заказ - упаковка
❤️Размерный ряд  S, M, L, XL, 2XL
❤️Материал - хлопок"
30008,2026-02-27,Аукцион !,Other,Hoodie,100.0,—,1,"Размер XL
Худи Yohji Yamamoto
Минимальный шаг 100₽
Начало от 100 рублей"
29998,2026-02-27,Худи Mastermind,Other,Hoodie,2300.0,—,1,"❤️Отправка из Москвы
❤️Минимальный оптовый заказ - упаковка
❤️Размерный ряд  S, M, L, XL, 2XL
❤️Материал - хлопок"
29986,2026-02-26,Худи Vetements,Other,Hoodie,2300.0,—,1,"❤️Отправка из Москвы
❤️Минимальный оптовый заказ - упаковка
❤️Размерный ряд  S, M, L, XL, 2XL
❤️Материал - хлопок"
29985,2026-02-26,БОКС ВСЕГО ЗА 1000₽ 👈,Other,Tee,1000.0,—,1,"ФУТБОЛКА И ШОРТЫ ПО ЦЕНЕ СТАКАНЧИКА КОФЕ!!
В боксе гарантировано лежат шорты и футболка
В видео показали какие могут попасться вам в боксе
Боксов не очень много"
29984,2026-02-26,Футболка Supreme,Other,Tee,1500.0,—,1,"❤️Отправка из Москвы
КАТАЛОГ В ЗАКРЕПЕ
❤️Минимальный оптовый заказ - 5шт
❤️Размерный ряд  S, M, L, XL, 2XL"
29981,2026-02-25,БОКС ИЗ 2 ХУДИ ПО ЦЕНЕ ОДНОГО ХУДИ,Other,Hoodie,2600.0,—,1,"В боксе будут два худака рандомные из нашего ассортимента
ЦЕНА 2600₽
Успейте забирать, так как боксов небольшое количество
Забрать у @optobazaSAINTp"
29960,2026-02-25,Худи Undercover,Undercover,Hoodie,2500.0,—,1,"❤️Отправка из Москвы
❤️Минимальный оптовый заказ - упаковка
❤️Размерный ряд  S, M, L, XL, 2XL
❤️Материал - хлопок"
29946,2026-02-24,Худи 1017 ALYX 9SM,Other,Hoodie,2500.0,—,1,"❤️Отправка из Москвы
❤️Минимальный оптовый заказ - упаковка
❤️Размерный ряд  S, M, L, XL, 2XL
❤️Материал - хлопок"
29944,2026-02-24,БОКС ВСЕГО ЗА 1000₽ 👈,Other,Tee,1000.0,—,1,"ФУТБОЛКА И ШОРТЫ ПО ЦЕНЕ СТАКАНЧИКА КОФЕ!!
В боксе гарантировано лежат шорты и футболка
В видео показали какие могут попасться вам в боксе
Боксов не очень много"
29932,2026-02-23,Лонгслив Martine Rose,Other,Longsleeve,1700.0,—,1,"❤️Отправка из Москвы
КАТАЛОГ В ЗАКРЕПЕ
❤️Минимальный оптовый заказ - 5шт
❤️Размерный ряд  S, M, L, XL, 2XL"
29922,2026-02-23,Полузамок Valentino,Valentino,Other,2100.0,—,1,"❤️Отправка из Москвы
❤️Минимальный оптовый заказ - упаковка
❤️Размерный ряд  S, M, L, XL, 2XL
❤️Материал - хлопок"
29911,2026-02-23,Свитшот Palace,Other,Hoodie,2000.0,—,1,"❤️Отправка из Москвы
КАТАЛОГ В ЗАКРЕПЕ
❤️Минимальный оптовый заказ - 5шт
❤️Размерный ряд  S, M, L, XL, 2XL"
29910,2026-02-23,БОКС ИЗ 2 ХУДИ ПО ЦЕНЕ ОДНОГО ХУДИ,Other,Hoodie,2600.0,—,1,"В боксе будут два худака рандомные из нашего ассортимента
ЦЕНА 2600₽
Успейте забирать, так как боксов небольшое количество
Забрать у @optobazaSAINTp"
29895,2026-02-22,Худи Supreme,Other,Hoodie,2300.0,—,1,"❤️Отправка из Москвы
❤️Минимальный оптовый заказ - упаковка
❤️Размерный ряд  S, M, L, XL, 2XL
❤️Материал - хлопок"
29885,2026-02-22,Худи Vetements,Other,Hoodie,2300.0,—,1,"❤️Отправка из Москвы
❤️Минимальный оптовый заказ - упаковка
❤️Размерный ряд  S, M, L, XL, 2XL
❤️Материал - хлопок"
29875,2026-02-22,Худи Yohji Yamamoto,Other,Hoodie,2300.0,—,1,"❤️Отправка из Москвы
❤️Минимальный оптовый заказ - упаковка
❤️Размерный ряд  S, M, L, XL, 2XL
❤️Материал - хлопок"
29864,2026-02-21,Худи Supreme,Other,Hoodie,2300.0,—,1,"❤️Отправка из Москвы
❤️Минимальный оптовый заказ - упаковка
❤️Размерный ряд  S, M, L, XL, 2XL
❤️Материал - хлопок"
29854,2026-02-21,Худи Mastermind,Other,Hoodie,2300.0,—,1,"❤️Отправка из Москвы
❤️Минимальный оптовый заказ - упаковка
❤️Размерный ряд  S, M, L, XL, 2XL
❤️Материал - хлопок"
29853,2026-02-21,НОВОЕ КАЧЕСТВО ПОЛУЗАМКОВ,Other,Other,1700.0,—,1,"Разгребали поставку и кое-что нашли..
Фабрика прислала новые образцы полузамков Yohji Yamamoto
Сейчас уже без флиса, хорошо подходит на теплый сезон
Два М размера в наличии"
29851,2026-02-21,БОКС ВСЕГО ЗА 1000₽ 👈,Other,Tee,1000.0,—,1,"ФУТБОЛКА И ШОРТЫ ПО ЦЕНЕ СТАКАНЧИКА КОФЕ!!
В боксе гарантировано лежат шорты и футболка
В видео показали какие могут попасться вам в боксе
Боксов не очень много"
29841,2026-02-21,Худи Supreme,Other,Hoodie,2300.0,—,1,"❤️Отправка из Москвы
❤️Минимальный оптовый заказ - упаковка
❤️Размерный ряд  S, M, L, XL, 2XL
❤️Материал - хлопок"
29830,2026-02-20,Футболка Supreme,Other,Tee,1500.0,—,1,"❤️Отправка из Москвы
КАТАЛОГ В ЗАКРЕПЕ
❤️Минимальный оптовый заказ - 5шт
❤️Размерный ряд  S, M, L, XL, 2XL"
29820,2026-02-20,Худи Yohji Yamamoto,Other,Hoodie,2300.0,—,1,"❤️Отправка из Москвы
❤️Минимальный оптовый заказ - упаковка
❤️Размерный ряд  S, M, L, XL, 2XL
❤️Материал - хлопок"
29819,2026-02-20,БОКС ИЗ 2 ХУДИ ПО ЦЕНЕ ОДНОГО ХУДИ,Other,Hoodie,2600.0,—,1,"В боксе будут два худака рандомные из нашего ассортимента
ЦЕНА 2600₽
Успейте забирать, так как боксов небольшое количество
Забрать у @optobazaSAINTp"
29807,2026-02-20,Худи Balenciaga,Balenciaga,Hoodie,2300.0,—,1,"❤️Отправка из Москвы
❤️Минимальный оптовый заказ - упаковка
❤️Размерный ряд  S, M, L, XL, 2XL
❤️Материал - хлопок"
29796,2026-02-19,Худи Balenciaga,Balenciaga,Hoodie,2300.0,—,1,"❤️Отправка из Москвы
❤️Минимальный оптовый заказ - упаковка
❤️Размерный ряд  S, M, L, XL, 2XL
❤️Материал - хлопок"
29786,2026-02-19,Свитшот Palace,Other,Hoodie,2000.0,—,1,"❤️Отправка из Москвы
КАТАЛОГ В ЗАКРЕПЕ
❤️Минимальный оптовый заказ - 5шт
❤️Размерный ряд  S, M, L, XL, 2XL"
29784,2026-02-19,БОКС ВСЕГО ЗА 1000₽ 👈,Other,Tee,1000.0,—,1,"ФУТБОЛКА И ШОРТЫ ПО ЦЕНЕ СТАКАНЧИКА КОФЕ!!
В боксе гарантировано лежат шорты и футболка
В видео показали какие могут попасться вам в боксе
Боксов не очень много"
29777,2026-02-19,Шорты big polar boy,Other,Shorts,650.0,—,1,"Цена 650₽
Забрать у @optobazaSAINTp"
29776,2026-02-19,ШОРТЫ от 3 штук ПО 650₽,Other,Shorts,650.0,—,1,@dropbazaadmin
29765,2026-02-19,Худи Undercover Horror,Undercover,Hoodie,2300.0,—,1,"❤️Отправка из Москвы
❤️Минимальный оптовый заказ - упаковка
❤️Размерный ряд  S, M, L, XL, 2XL
❤️Материал - хлопок"
